medinc,houseage,averooms,avebedrms,population,aveoccup,latitude,longitude,median_house_value
1.6812,25.0,4.1922,1.0223,1392.0,3.8774,36.06,-119.01,0.477
2.5313,30.0,5.0394,1.1935,1565.0,2.6798,35.14,-119.46,0.458
3.4801,52.0,3.9772,1.1859,1310.0,1.3603,37.8,-122.44,5.0
5.7376,17.0,6.1636,1.0202,1705.0,3.4444,34.28,-118.72,2.186
3.725,34.0,5.493,1.028,1063.0,2.4836,36.62,-121.93,2.78
4.7147,12.0,5.2515,0.9751,2400.0,2.847,34.08,-117.61,1.587
5.0839,36.0,6.2217,1.095,670.0,3.0317,33.89,-118.02,1.982
3.6908,38.0,4.9628,1.0483,1011.0,3.7584,33.92,-118.08,1.575
4.8036,4.0,3.9247,1.036,1050.0,1.7979,37.39,-122.08,3.4
8.1132,45.0,6.8791,1.0118,943.0,2.7817,34.18,-118.23,4.466
2.5417,30.0,5.086,1.172,242.0,2.6022,38.01,-120.37,1.232
3.0,35.0,3.6141,0.9887,1762.0,2.8328,34.08,-118.12,2.539
2.8594,20.0,4.1515,1.1185,4818.0,4.5325,33.76,-117.91,2.151
3.3409,18.0,4.647,1.0937,3171.0,4.0706,34.2,-119.19,2.205
5.3668,27.0,6.7029,1.029,1793.0,3.2482,33.92,-117.98,2.198
3.8201,22.0,5.0112,1.0224,5587.0,4.466,34.02,-117.91,1.362
3.9063,41.0,4.6335,0.9006,387.0,2.4037,37.69,-122.1,1.784
4.1346,26.0,5.6265,1.1205,244.0,2.9398,37.48,-121.02,1.875
3.8233,36.0,5.1897,1.0462,1030.0,2.641,32.75,-117.05,1.398
2.1875,27.0,5.2672,1.0305,810.0,3.0916,37.43,-120.97,1.375
4.2297,47.0,3.8737,1.0576,1808.0,1.6542,37.45,-122.16,4.25
4.3667,50.0,4.8818,1.0407,1117.0,2.1647,34.07,-118.37,4.056
5.3478,8.0,6.2103,0.9431,1959.0,3.3776,36.83,-119.73,1.388
6.1323,32.0,6.2895,1.021,1846.0,2.5818,37.59,-122.39,5.0
4.2234,16.0,4.6827,1.0422,2054.0,2.9898,32.9,-117.14,1.621
1.9602,38.0,4.372,1.0137,1423.0,4.8567,36.53,-119.38,0.514
2.5504,26.0,3.7256,1.1094,2742.0,2.8833,33.96,-118.36,1.513
3.25,38.0,5.978,0.978,240.0,2.6374,40.55,-124.13,0.948
3.65,22.0,5.5315,1.0426,1420.0,2.6296,37.96,-121.98,2.041
6.2028,35.0,6.3265,1.0136,1167.0,2.6463,33.72,-118.3,3.615
1.6196,38.0,3.8301,1.0772,732.0,2.8263,37.75,-122.17,0.851
1.23,47.0,5.3673,1.0082,785.0,3.2041,34.03,-118.31,1.384
3.4286,5.0,4.2817,1.1948,892.0,2.0939,32.75,-117.23,1.375
7.1108,29.0,6.3351,0.9897,707.0,3.6443,37.37,-122.08,4.65
3.4919,44.0,5.1384,1.0311,1137.0,3.2119,37.75,-122.5,2.718
5.5061,17.0,6.9231,1.1349,4956.0,3.3419,34.46,-118.5,2.394
4.375,34.0,4.5321,1.0192,381.0,2.4423,37.6,-122.39,3.409
3.4115,35.0,5.1935,1.0099,1755.0,4.3548,34.03,-117.96,1.504
3.0917,48.0,6.0591,1.0108,530.0,2.8495,38.87,-121.13,1.281
2.7321,41.0,3.566,0.9198,873.0,4.1179,33.98,-118.17,1.56
6.6073,17.0,6.7715,0.9398,2734.0,3.3587,34.29,-118.75,2.581
3.7917,24.0,5.358,0.9547,693.0,2.8519,36.61,-119.45,0.905
2.2679,25.0,3.9717,0.9623,303.0,2.8585,37.78,-120.85,0.713
3.4679,18.0,3.8484,1.0602,2192.0,2.2008,33.73,-117.98,2.197
3.9336,15.0,5.5532,1.0687,2039.0,3.3372,34.04,-117.65,1.51
3.0221,28.0,4.5943,1.1058,2240.0,3.0393,34.2,-118.43,2.901
3.5096,34.0,5.1525,0.9775,1169.0,2.9225,32.73,-117.03,1.42
3.0875,31.0,5.6809,1.1058,1263.0,2.3432,32.77,-117.09,2.915
2.7451,42.0,4.2953,1.0794,866.0,2.1489,33.73,-118.3,2.554
3.2216,34.0,6.2526,1.0493,1891.0,2.8266,40.86,-124.06,0.981
4.5,18.0,6.1429,1.0729,912.0,2.772,38.46,-122.91,2.519
2.6036,29.0,3.3277,1.0234,1886.0,2.4525,34.25,-118.28,1.621
3.4286,31.0,5.658,1.0606,752.0,3.2554,32.84,-116.95,1.294
1.5917,28.0,5.4514,1.1362,967.0,3.7626,37.3,-120.4,0.894
2.788,42.0,3.6947,0.9602,1997.0,4.4181,34.04,-118.18,1.505
5.4337,11.0,5.9012,1.0116,1563.0,3.0291,36.3,-119.33,1.338
2.0388,26.0,5.5865,1.1335,1972.0,3.7068,34.11,-117.22,0.804
5.0758,35.0,6.378,1.054,1727.0,3.454,34.05,-117.91,2.111
4.5987,29.0,4.9309,0.9268,654.0,2.6585,32.79,-117.2,2.556
5.5563,13.0,6.7262,1.0162,3382.0,2.8759,33.94,-117.34,2.145
4.2287,32.0,3.9746,1.0156,934.0,1.8242,33.74,-118.1,5.0
2.8793,42.0,5.0627,1.0148,674.0,2.4871,34.05,-118.36,2.021
2.6343,14.0,4.6963,1.0369,2294.0,3.849,37.73,-120.93,0.815
2.9485,29.0,5.3722,1.0075,672.0,2.5263,40.92,-124.0,0.988
6.2473,24.0,6.8927,1.0297,1704.0,2.8119,33.68,-117.98,2.819
3.5518,24.0,4.8633,1.159,2064.0,3.2814,33.83,-118.26,1.846
2.7457,37.0,5.6327,1.0945,863.0,3.1382,38.16,-122.41,2.547
4.0767,5.0,5.4605,1.0889,3207.0,3.169,38.03,-121.95,1.431
1.2254,42.0,2.0967,1.1603,3795.0,3.2188,34.06,-118.28,1.625
2.475,43.0,3.8667,0.9667,416.0,3.4667,34.06,-118.17,1.426
3.5962,15.0,5.9235,1.1109,2503.0,2.7749,40.5,-120.67,0.859
4.7933,37.0,6.0,1.0215,1635.0,2.9354,37.67,-122.14,1.869
3.5417,16.0,5.3116,0.9281,1010.0,3.4589,36.79,-119.68,0.713
4.105,16.0,6.036,1.0418,2515.0,2.9176,32.83,-116.91,1.744
3.4698,31.0,5.3902,1.1986,956.0,3.331,33.9,-118.35,2.25
3.7813,14.0,5.8262,1.0353,954.0,2.403,38.35,-122.7,1.465
6.1064,33.0,6.2338,1.0013,1980.0,2.6156,37.51,-122.28,4.05
4.0167,18.0,5.0307,1.0153,1302.0,2.4943,33.51,-117.66,1.896
4.0926,42.0,4.5251,0.9817,717.0,3.274,33.89,-118.09,1.644
2.2794,52.0,4.0231,0.9538,317.0,2.4385,34.03,-118.46,3.375
2.4281,18.0,5.6496,1.0118,657.0,2.5866,36.29,-119.15,0.725
2.5,29.0,4.0616,1.0543,762.0,2.7609,33.87,-117.91,1.438
1.7016,27.0,2.8199,1.2275,1795.0,4.2536,34.07,-118.27,1.6
1.7038,13.0,2.6158,1.0704,2158.0,3.1642,34.04,-118.27,1.181
6.9135,52.0,6.1656,0.8773,908.0,2.7853,34.17,-118.27,3.74
5.6874,16.0,7.757,1.1028,733.0,3.4252,33.16,-117.14,2.027
1.9906,29.0,8.971,1.9903,890.0,2.871,38.88,-122.72,0.966
1.6563,31.0,3.8149,0.9929,781.0,2.7794,38.61,-121.47,0.658
1.6953,19.0,3.1404,0.9567,1938.0,2.5433,34.19,-119.18,1.674
2.754,21.0,2.6425,1.003,2300.0,3.3973,34.2,-118.59,1.798
3.1053,37.0,5.4477,1.0446,1574.0,3.0504,38.08,-122.22,0.967
3.6682,33.0,4.6093,1.0525,1553.0,2.2638,37.34,-121.97,2.661
1.8696,52.0,4.6296,1.0463,480.0,4.4444,32.71,-117.14,0.911
1.4577,38.0,3.9812,0.9489,1543.0,4.1478,36.71,-119.75,0.498
2.6471,16.0,4.0987,0.9707,1125.0,3.0,38.58,-121.3,0.907
2.8347,34.0,5.8354,1.1098,1564.0,4.7683,34.04,-117.76,1.158
3.5435,52.0,4.0216,1.1036,1330.0,2.0556,37.77,-122.45,2.786
1.3071,51.0,2.6473,1.1022,781.0,1.5651,32.72,-117.15,2.5
2.933,26.0,4.7077,1.0335,825.0,1.3179,37.88,-122.08,0.85
3.4193,45.0,4.5371,1.006,1970.0,3.9479,33.73,-117.87,1.77
3.0598,13.0,4.3101,1.0698,776.0,2.1676,34.04,-117.67,0.997
9.6986,6.0,7.7375,0.9519,1794.0,3.3161,33.58,-117.66,3.576
4.425,26.0,5.1231,1.2537,608.0,2.2687,32.85,-117.27,4.75
6.6272,19.0,7.1389,0.9537,376.0,3.4815,32.66,-117.02,2.736
3.7328,38.0,4.535,1.0616,886.0,2.4818,33.99,-118.05,1.824
3.055,33.0,3.7754,0.9598,1888.0,4.4634,33.87,-117.92,1.578
1.8576,37.0,2.4776,1.0064,835.0,2.6763,34.09,-118.31,1.938
4.8958,49.0,3.754,0.7647,458.0,2.4492,34.05,-118.38,3.336
3.6292,27.0,4.6361,1.0851,2135.0,2.3908,37.31,-121.95,2.646
2.1779,36.0,4.4906,1.0344,1073.0,3.3531,37.6,-120.98,0.584
2.5762,29.0,4.0487,1.0951,3741.0,2.9387,37.78,-122.28,1.734
4.2891,48.0,4.449,0.9728,835.0,2.8401,34.13,-118.23,2.148
10.0263,52.0,9.625,1.75,37.0,2.3125,35.42,-119.11,2.0
7.8532,8.0,6.9615,1.044,1527.0,4.1951,37.44,-121.89,4.228
3.2404,39.0,5.0801,1.0214,1217.0,2.1655,38.54,-121.44,0.936
3.0694,37.0,4.2329,1.0582,966.0,3.3082,34.03,-118.37,1.222
3.6389,36.0,5.5846,1.1154,490.0,3.7692,33.91,-118.1,1.676
4.1429,37.0,5.6774,0.9935,369.0,2.3806,34.17,-118.5,3.036
4.875,33.0,6.281,0.9876,658.0,2.719,33.78,-117.96,2.693
5.1762,16.0,6.3714,1.0468,3038.0,4.1788,34.01,-117.86,2.644
3.1662,7.0,4.8662,1.0085,3468.0,2.4683,38.48,-122.79,1.91
3.775,40.0,5.7407,1.0296,798.0,2.9556,33.94,-118.31,1.538
4.7813,39.0,4.7094,1.0296,970.0,2.3892,37.73,-122.44,2.755
1.676,44.0,3.6722,1.1433,2297.0,3.1639,34.09,-118.32,2.088
3.0192,19.0,4.9179,1.0249,1948.0,2.8563,32.79,-116.93,1.423
2.5234,37.0,4.1012,0.93,879.0,3.4202,36.58,-119.44,0.635
1.6675,6.0,5.5115,1.3913,1039.0,2.6573,34.05,-117.3,0.958
2.7139,30.0,4.0999,1.0545,1865.0,2.4189,33.73,-118.29,2.317
3.3545,24.0,4.254,1.0375,2945.0,1.9739,34.17,-118.4,2.215
3.625,25.0,5.4052,1.0377,2133.0,2.2985,36.82,-119.78,0.895
5.8891,37.0,6.5226,1.0264,1344.0,2.5358,34.1,-117.73,2.26
15.0001,48.0,8.8452,1.0581,528.0,3.4065,34.19,-118.18,5.0
4.3859,45.0,4.939,1.0488,941.0,2.8689,37.75,-122.5,2.702
2.3382,38.0,5.1429,1.1607,478.0,4.2679,37.29,-120.32,0.596
3.402,23.0,5.1799,1.045,1852.0,2.3805,38.25,-122.65,1.933
3.3672,18.0,10.3867,1.8373,1086.0,2.896,34.26,-117.28,1.336
4.375,47.0,5.7615,0.9954,570.0,2.6147,37.77,-122.16,1.619
3.1364,38.0,4.3772,0.9975,801.0,2.0278,34.44,-119.73,3.575
4.3125,37.0,6.9453,1.1572,1287.0,2.9317,38.5,-122.48,2.765
5.1033,15.0,6.3677,1.1151,1701.0,2.5426,34.17,-118.88,4.107
1.9045,20.0,3.2625,1.0081,7604.0,2.1187,37.43,-122.15,3.75
2.6973,31.0,5.13,1.0665,2098.0,3.099,32.74,-117.01,1.352
2.4135,52.0,4.0319,0.9909,1848.0,4.2096,34.07,-118.21,1.672
2.5658,45.0,4.8063,1.0716,1093.0,2.3011,34.05,-118.36,2.52
8.176,18.0,6.68,1.0491,1590.0,2.8909,34.26,-118.53,3.084
2.0087,36.0,3.4941,1.0585,4582.0,3.8311,33.98,-118.19,1.721
6.358,26.0,6.8354,1.1062,1145.0,2.3854,37.58,-122.4,5.0
2.2167,40.0,6.1011,1.1348,259.0,2.9101,37.73,-122.38,1.938
2.1419,30.0,5.0069,1.0412,1033.0,2.3638,39.22,-121.08,1.052
2.2917,44.0,3.514,0.8131,273.0,2.5514,34.09,-117.28,0.908
1.5972,34.0,2.5103,1.0205,1325.0,3.0182,34.05,-118.29,1.688
3.1827,31.0,5.7717,1.0394,608.0,2.3937,38.02,-121.33,1.621
4.2917,33.0,5.2451,1.0117,1098.0,4.2724,34.04,-118.05,1.612
2.2596,40.0,3.6347,0.9813,1919.0,4.4941,34.01,-118.16,1.375
3.1977,31.0,3.6412,0.9415,704.0,1.7913,36.58,-121.9,2.893
6.4114,15.0,7.5276,1.0499,2529.0,3.3189,33.6,-117.65,2.787
4.2708,15.0,5.1463,1.0884,1510.0,2.4277,33.7,-117.92,1.617
5.6163,27.0,6.5157,1.0057,1140.0,3.2479,33.83,-117.87,2.31
1.9135,16.0,4.8333,1.1136,380.0,2.8788,37.36,-120.61,0.875
1.5427,28.0,4.4874,1.208,1799.0,3.7794,33.95,-118.25,0.957
6.2152,13.0,5.5461,1.0329,918.0,6.0395,32.79,-116.66,2.406
3.3512,32.0,4.2243,1.0484,2812.0,2.7787,34.1,-118.07,2.141
8.1125,16.0,7.3992,1.0325,3468.0,2.89,34.28,-118.55,4.286
1.3897,38.0,3.5522,1.0746,191.0,2.8507,36.61,-121.85,1.25
2.1875,16.0,5.4917,1.0221,495.0,2.7348,40.44,-122.42,0.764
5.5073,6.0,4.7496,1.0647,1404.0,2.3284,34.45,-119.75,2.638
2.7,45.0,4.6398,1.17,1148.0,3.3084,34.41,-118.8,1.204
3.0156,32.0,4.8859,0.9128,461.0,3.094,36.57,-119.3,1.091
3.1106,18.0,4.5797,1.0328,3161.0,2.4695,34.19,-118.55,1.706
5.34,9.0,4.6947,1.0953,4240.0,2.9485,37.4,-121.88,2.574
5.6427,26.0,7.0206,1.0336,1408.0,2.6318,37.28,-121.9,3.2
3.0726,52.0,5.2338,1.1891,381.0,1.8955,32.75,-117.17,2.896
6.2079,12.0,6.2322,0.9738,2106.0,2.6292,33.24,-117.2,3.073
6.2871,26.0,7.0092,1.0734,607.0,2.7844,33.45,-117.64,3.255
1.7566,25.0,5.0931,1.0992,1266.0,2.5628,40.03,-122.1,0.584
1.7083,41.0,5.1392,1.0633,375.0,2.3734,34.83,-114.59,0.485
1.8942,45.0,4.8611,0.9167,225.0,3.125,38.17,-122.23,2.167
2.7663,29.0,7.7872,1.7618,1569.0,2.6503,34.25,-117.31,0.979
4.712,20.0,6.265,1.015,1705.0,2.8417,39.66,-121.77,1.586
2.3006,23.0,5.0817,1.0873,3573.0,2.8357,36.76,-119.72,0.69
6.7061,23.0,7.497,1.004,1339.0,2.6834,37.94,-122.01,3.223
6.8773,18.0,6.5705,0.9917,1414.0,2.9336,37.11,-121.75,4.677
3.4659,31.0,5.1443,1.016,1198.0,2.4008,32.78,-117.02,1.63
4.6328,30.0,5.0648,1.0052,999.0,2.5881,37.35,-121.97,2.871
1.4913,32.0,4.9018,1.0089,726.0,3.2411,36.83,-119.69,0.546
0.8527,43.0,3.4329,1.0173,736.0,3.1861,33.94,-118.25,0.904
3.2413,31.0,5.0624,1.0584,2194.0,4.4145,34.06,-117.97,1.555
2.2708,18.0,2.5711,1.1088,3296.0,2.2544,34.07,-118.3,1.75
8.6155,17.0,7.5273,1.0109,797.0,2.8982,37.36,-122.0,4.112
3.5486,35.0,5.0414,0.9786,1583.0,2.1135,34.01,-118.35,3.321
3.2798,45.0,5.1734,1.0202,1025.0,4.1331,33.92,-118.2,1.412
4.9489,45.0,6.1027,1.0616,384.0,2.6301,37.75,-122.24,2.471
2.5625,30.0,4.9494,1.1962,1988.0,4.1941,34.14,-117.99,1.53
3.1654,34.0,3.8379,1.0793,928.0,3.2,34.05,-118.22,1.55
3.2321,11.0,7.0415,1.1531,1520.0,2.4242,38.71,-121.19,3.908
2.8365,21.0,5.9757,0.9903,609.0,2.9563,36.25,-119.32,0.9
4.0789,35.0,5.6402,1.0174,1431.0,3.5509,34.2,-118.56,1.967
3.0673,22.0,4.4257,0.9505,830.0,4.1089,33.75,-116.21,0.682
11.2979,24.0,8.322,1.0133,1443.0,2.733,34.13,-118.49,5.0
2.3333,36.0,3.6755,1.0166,1417.0,4.6921,33.94,-118.23,0.921
3.0546,33.0,2.9226,1.0299,3477.0,2.2622,37.7,-122.48,2.979
9.802,8.0,6.918,1.1475,375.0,2.0492,33.62,-117.87,5.0
5.795,22.0,7.1397,1.1038,1371.0,2.7365,38.32,-122.53,3.323
5.5138,7.0,6.9499,1.1111,2824.0,3.8266,38.15,-122.22,1.711
4.3047,27.0,4.2953,1.0465,2661.0,4.2713,34.3,-118.45,1.521
2.9688,39.0,5.5792,1.0272,1388.0,3.4356,37.72,-122.46,2.32
0.9336,10.0,3.6627,1.0196,401.0,1.5725,37.66,-120.98,1.271
1.6607,18.0,5.125,0.9375,104.0,3.25,37.37,-120.67,0.875
4.6,34.0,5.3323,0.9419,1003.0,3.2355,33.89,-118.01,2.034
2.7587,15.0,4.8952,1.1478,1546.0,2.6564,36.97,-121.97,2.286
2.2969,47.0,4.2847,1.125,754.0,5.2361,33.98,-118.25,1.167
12.3292,29.0,7.9167,1.0556,244.0,3.3889,37.38,-121.81,4.167
5.3169,34.0,3.8384,0.8788,723.0,3.6515,33.89,-118.36,2.276
6.5338,13.0,6.6266,1.0576,1197.0,3.0,33.1,-117.28,2.679
2.1411,52.0,4.4566,1.042,817.0,2.2885,38.1,-122.25,0.972
2.3654,49.0,4.686,1.157,698.0,4.0581,34.15,-118.15,1.375
2.3913,35.0,3.875,1.2331,1016.0,3.4324,34.08,-118.27,1.988
1.9342,32.0,4.8996,0.9957,1538.0,3.2863,36.39,-119.31,0.686
3.5045,30.0,3.7919,1.0738,932.0,2.085,37.39,-122.07,3.525
2.148,46.0,4.2738,1.0465,1707.0,4.1736,34.0,-118.27,1.038
2.7457,17.0,11.1833,2.1076,675.0,2.6892,38.88,-119.99,1.078
4.3214,28.0,6.4147,1.0173,1379.0,2.9784,38.7,-121.2,1.317
4.2212,52.0,4.5067,0.933,999.0,2.2299,37.74,-122.42,2.713
4.0481,52.0,6.5742,1.0391,646.0,2.5234,34.14,-117.29,0.973
1.9213,52.0,4.5088,0.9882,754.0,2.2176,39.44,-123.8,0.95
1.6033,14.0,4.6418,1.1015,493.0,1.4716,38.35,-122.7,0.675
4.7986,52.0,6.5038,1.0573,746.0,2.8473,34.19,-118.3,3.261
2.6111,13.0,6.3725,1.3475,4166.0,2.8111,34.15,-116.09,0.656
5.0686,19.0,5.9737,0.9939,1639.0,3.3111,33.62,-117.7,2.256
4.1806,44.0,6.47,1.0553,513.0,2.3641,32.74,-117.23,2.638
4.45,46.0,5.3204,1.0838,896.0,2.6826,34.0,-118.45,3.483
3.2708,33.0,4.4319,1.1634,734.0,2.856,34.0,-118.42,3.25
1.6851,46.0,4.9487,1.0915,1227.0,2.7388,34.02,-118.31,1.088
4.445,52.0,5.5346,1.1509,742.0,2.3333,37.77,-122.43,4.0
2.4273,27.0,4.8463,1.0649,1568.0,2.2116,38.9,-121.08,1.384
2.2333,36.0,5.9529,1.1255,749.0,2.9373,36.32,-119.63,0.61
7.7743,27.0,6.7994,0.9561,905.0,2.837,37.53,-122.35,4.531
9.3399,36.0,8.2513,1.1444,474.0,2.5348,33.88,-118.4,5.0
2.875,40.0,4.4688,1.0647,1616.0,3.7321,33.92,-118.29,1.202
5.0299,40.0,5.8154,0.9385,371.0,2.8538,33.89,-118.36,3.292
3.7826,5.0,4.3632,1.171,1657.0,1.954,33.79,-118.15,1.963
2.6895,30.0,5.0914,1.2121,1406.0,2.4241,33.97,-117.38,1.5
3.1042,37.0,4.5083,1.1116,905.0,3.7397,34.07,-118.03,1.52
1.9327,52.0,4.564,1.0112,958.0,2.1528,37.86,-122.28,1.699
1.4803,10.0,3.0624,1.1703,730.0,1.7506,33.87,-117.93,1.375
4.675,33.0,6.0604,1.0797,973.0,2.6731,33.94,-118.12,2.83
5.1386,42.0,6.0178,1.0178,761.0,2.7082,32.7,-117.18,4.045
5.3441,21.0,7.005,1.03,1620.0,2.7,32.81,-117.01,1.935
5.25,25.0,5.5528,0.9366,611.0,2.1514,32.78,-117.15,2.051
4.4489,16.0,5.9665,1.0511,1674.0,2.9472,38.69,-121.27,1.456
2.4167,22.0,5.9389,1.2314,808.0,3.5284,38.65,-121.7,2.25
3.8846,40.0,5.6479,0.993,1054.0,2.4742,38.4,-122.82,2.159
3.2279,39.0,4.3966,1.0112,731.0,4.0838,34.08,-118.17,1.585
3.6118,34.0,5.4594,1.0477,1588.0,2.8057,38.0,-121.79,1.247
1.6557,10.0,3.8623,1.1264,1896.0,4.2799,33.64,-116.15,0.654
5.2206,6.0,5.7495,1.0678,3246.0,3.0565,34.28,-118.91,2.802
2.4612,45.0,4.3705,1.0,1203.0,3.351,34.03,-118.14,1.805
3.8531,21.0,5.0306,0.9264,2503.0,3.4764,34.08,-117.4,1.054
0.9298,36.0,3.6762,1.1004,2664.0,3.994,33.93,-118.25,1.0
2.7006,17.0,4.4994,1.0398,3331.0,2.0386,32.79,-117.03,1.663
5.0286,30.0,6.1844,1.0688,999.0,3.1219,34.89,-120.43,1.58
3.9038,21.0,3.5864,0.9826,1486.0,2.1567,37.36,-122.02,2.438
7.1754,52.0,7.4295,1.0513,779.0,2.4968,37.9,-122.28,3.629
4.1292,28.0,3.9095,1.0333,1575.0,3.75,33.82,-118.27,2.019
2.6062,33.0,6.9975,1.2779,976.0,2.4218,41.4,-120.12,0.526
5.222,42.0,5.8475,1.0527,1253.0,2.3597,34.05,-118.39,5.0
2.2917,37.0,3.7277,0.9859,814.0,3.8216,33.97,-118.25,1.12
3.2292,52.0,7.0753,1.2594,618.0,2.5858,36.47,-120.95,2.25
7.472,10.0,7.7697,1.1814,1478.0,2.3312,32.99,-117.25,4.399
2.7002,6.0,4.1492,1.18,4092.0,2.2873,34.05,-117.31,0.883
15.0001,32.0,8.845,1.0351,1318.0,2.7231,37.44,-122.22,5.0
3.3333,49.0,5.4364,1.0085,576.0,2.4407,37.9,-122.29,2.768
3.25,36.0,3.9973,1.0082,1492.0,4.0765,34.06,-118.1,1.792
3.5859,30.0,5.0512,1.1205,1021.0,3.0753,33.9,-117.99,1.997
1.7179,5.0,3.7968,1.0356,1727.0,2.2784,32.74,-117.04,1.32
1.7675,26.0,3.8471,1.0826,1829.0,1.313,33.77,-118.09,0.613
5.2957,18.0,6.4839,1.0198,3205.0,3.0293,38.09,-122.2,1.719
3.5,17.0,6.3375,1.2875,607.0,2.5292,38.47,-120.76,1.238
2.1764,24.0,4.4074,1.0397,3996.0,2.264,34.02,-117.51,1.353
5.5136,19.0,6.6299,1.0,1176.0,3.0866,34.18,-117.3,1.371
2.9167,35.0,4.0546,1.0965,2230.0,4.0619,34.08,-118.18,1.293
4.2917,5.0,4.891,0.9664,1317.0,1.7725,34.19,-119.0,2.279
3.175,11.0,5.4764,1.0825,1373.0,3.2382,38.4,-121.35,0.944
2.9432,49.0,6.0293,1.1596,849.0,2.7655,38.1,-122.24,1.035
3.2121,37.0,4.6172,1.0623,1304.0,1.9347,32.69,-117.18,3.208
7.3004,32.0,5.7241,0.7586,63.0,2.1724,34.17,-119.08,1.25
7.2639,15.0,7.4737,0.9579,876.0,3.0737,37.67,-121.9,3.324
4.4042,9.0,5.4165,1.0566,1138.0,2.9254,34.02,-117.65,1.591
5.9145,35.0,4.8491,0.9371,1164.0,3.6604,37.4,-122.0,2.369
8.8281,25.0,7.5868,1.042,1424.0,2.6033,33.71,-118.05,4.616
3.7454,35.0,5.6298,1.024,2176.0,5.2308,34.05,-117.98,1.569
3.0882,14.0,7.0017,1.3592,1581.0,2.7306,34.95,-119.16,1.482
3.2308,26.0,4.8159,1.0091,1202.0,2.7318,32.81,-117.13,1.665
1.8929,30.0,2.9688,1.0478,1245.0,2.2886,34.14,-118.25,1.969
2.5428,45.0,3.9031,1.1257,1992.0,3.5763,34.08,-118.26,1.678
2.2961,10.0,4.3082,0.9589,635.0,4.3493,38.03,-121.33,1.267
3.5985,36.0,3.8932,1.0481,1183.0,1.5794,33.76,-118.15,5.0
1.3654,47.0,5.6,1.2895,603.0,3.1737,39.51,-121.56,0.579
5.2937,17.0,5.3289,1.0249,2286.0,3.7973,37.41,-121.96,2.38
4.5224,24.0,5.4503,0.9973,2123.0,2.8535,32.79,-116.92,1.42
1.1917,32.0,4.3111,0.9185,588.0,2.1778,34.71,-118.14,0.869
2.0474,37.0,4.9574,1.0532,1505.0,3.2021,39.36,-121.7,0.56
6.6494,35.0,5.0627,1.1303,724.0,1.8145,33.88,-118.44,5.0
2.9318,26.0,5.4067,1.0827,2156.0,3.7958,32.68,-117.08,1.124
2.5,43.0,3.4671,0.875,367.0,2.4145,37.96,-121.26,0.636
7.4787,33.0,6.791,1.0428,2694.0,2.815,37.5,-122.28,4.313
2.2552,14.0,2.4293,1.1692,2226.0,2.8106,34.07,-118.28,2.659
1.8125,25.0,3.7824,1.0382,941.0,3.5916,36.76,-120.38,0.58
7.7751,13.0,7.9018,1.0504,1318.0,3.3199,35.39,-118.94,1.941
3.4856,28.0,4.5029,1.0432,2197.0,4.3163,33.86,-117.87,1.428
2.625,33.0,3.9643,0.9973,2650.0,3.6401,34.0,-118.11,1.787
1.0,34.0,4.8788,1.4545,66.0,2.0,34.2,-118.42,1.875
4.575,16.0,4.691,1.0966,908.0,1.9485,33.77,-117.85,2.25
4.8105,23.0,6.1777,1.0739,2198.0,2.8508,34.42,-119.28,3.13
13.8556,52.0,8.9481,1.0778,810.0,3.0,34.05,-118.49,5.0
3.2857,37.0,5.12,1.1511,981.0,4.36,33.89,-118.08,1.536
2.5833,26.0,5.0551,0.9409,820.0,3.2283,36.9,-119.98,0.623
4.084,7.0,9.6588,1.9115,3581.0,1.9676,33.74,-116.38,1.945
4.4762,30.0,6.2477,1.0718,2672.0,3.0926,33.94,-117.55,1.639
6.9931,25.0,10.1732,1.9218,349.0,1.9497,38.36,-122.26,3.988
4.4597,29.0,5.6158,1.1228,1722.0,3.0211,37.14,-122.11,2.041
4.69,35.0,5.2275,0.983,1807.0,3.0679,34.39,-119.3,1.993
2.2095,36.0,3.6644,1.1153,1337.0,2.2661,34.16,-118.13,1.767
9.2175,35.0,6.2687,0.9276,937.0,2.4212,33.62,-117.91,5.0
5.5164,15.0,6.644,1.0388,993.0,3.2136,32.75,-116.87,2.489
2.6364,36.0,4.02,1.1,1763.0,5.0371,33.97,-118.14,1.5
5.3678,7.0,7.3862,1.0906,5499.0,3.4369,34.14,-117.58,2.317
2.3977,11.0,5.4833,1.0917,376.0,3.1333,33.97,-116.86,0.58
4.0313,18.0,15.814,3.1163,350.0,2.7132,39.04,-120.16,1.26
3.0577,41.0,4.8548,1.0161,1002.0,4.0403,33.99,-118.07,1.633
2.9083,32.0,5.5861,1.1176,1198.0,2.61,37.8,-120.99,1.134
3.1563,22.0,8.4207,2.1517,1301.0,4.4862,36.85,-121.91,3.0
5.1207,34.0,5.0639,0.9847,970.0,2.4808,37.53,-122.28,3.109
3.6696,19.0,4.8688,1.2054,1251.0,3.0965,33.71,-117.99,2.188
2.6726,32.0,5.0051,1.0179,1005.0,2.5638,36.77,-119.75,0.704
6.5006,16.0,7.445,1.0275,1531.0,3.8275,38.0,-122.25,2.377
1.8856,17.0,4.6216,1.1745,1423.0,2.7902,32.74,-117.0,1.188
1.4828,24.0,4.2483,0.9228,1083.0,3.6342,32.67,-115.49,0.731
1.0801,28.0,3.2297,1.1765,1043.0,2.9216,37.62,-121.0,0.75
8.8467,17.0,7.608,1.0402,2144.0,3.5913,34.3,-118.52,4.507
5.7512,26.0,7.2418,0.967,817.0,2.9927,37.97,-121.97,2.402
1.9939,38.0,5.0588,1.0535,1175.0,3.1417,32.82,-115.38,0.658
2.0,15.0,6.4794,1.4671,1281.0,2.6358,34.85,-116.51,0.647
4.0658,44.0,4.5235,0.9901,1056.0,2.6074,33.87,-118.18,1.751
3.5,21.0,4.3049,1.0751,1824.0,2.6358,34.2,-118.58,2.237
2.7955,23.0,5.4424,1.1515,939.0,2.8455,38.69,-122.03,0.963
5.8783,34.0,6.3268,1.0036,1542.0,2.7389,37.6,-122.42,4.051
5.3261,38.0,6.2675,1.0892,429.0,2.7325,37.53,-122.3,3.768
11.3074,42.0,8.3634,1.1682,833.0,2.5015,32.82,-117.31,5.0
3.5541,20.0,3.8488,1.0465,857.0,1.993,37.64,-122.06,3.5
1.9811,16.0,6.1047,1.1689,587.0,1.9831,34.19,-118.96,1.625
2.9076,52.0,4.3866,1.0929,1191.0,2.5724,33.87,-117.91,1.773
1.2273,41.0,3.3381,0.9659,1241.0,3.5256,33.96,-118.28,0.984
2.3062,16.0,5.2632,1.0368,508.0,2.6737,39.09,-121.11,1.388
4.875,26.0,6.9,1.15,100.0,5.0,33.96,-118.37,1.75
2.5417,43.0,4.6595,1.097,1208.0,2.6034,36.97,-122.01,2.609
2.2574,23.0,6.0182,1.2682,1019.0,2.6536,36.63,-118.18,1.047
4.6696,17.0,4.8419,0.9412,679.0,2.4963,33.8,-117.92,1.595
5.0784,37.0,6.0966,1.0828,802.0,2.7655,33.86,-118.36,2.959
3.2679,30.0,3.9,1.125,77.0,1.925,32.77,-117.2,1.375
6.918,32.0,6.8772,0.9825,262.0,2.2982,36.59,-121.89,5.0
5.4622,17.0,6.4179,1.0776,1194.0,3.5642,33.6,-117.69,2.27
3.4531,41.0,5.1052,1.0433,1271.0,2.6206,34.22,-118.24,2.639
3.625,16.0,4.4048,0.8912,912.0,2.7553,34.06,-117.71,1.604
3.0682,43.0,5.3401,0.9975,1132.0,2.8731,33.94,-118.31,1.42
4.0357,36.0,5.1034,1.0345,946.0,4.0776,33.96,-118.1,1.625
3.5313,39.0,5.6602,1.0777,640.0,3.1068,33.9,-118.36,2.304
7.3681,38.0,6.8158,0.9925,1350.0,2.5376,37.43,-122.2,5.0
4.7083,20.0,5.521,1.0693,2042.0,2.5272,37.32,-121.99,2.177
3.825,48.0,6.1684,1.0789,497.0,2.6158,33.99,-118.34,1.83
3.3884,17.0,4.2933,1.1089,2762.0,3.4183,37.43,-121.88,2.458
1.6267,23.0,4.2636,1.125,1031.0,2.8016,38.42,-122.71,1.292
1.4712,12.0,5.2519,1.1143,1724.0,3.3411,36.98,-120.06,0.604
1.75,50.0,4.0964,0.8916,235.0,2.8313,40.81,-124.15,0.675
4.4485,21.0,6.097,1.2352,1420.0,2.3355,36.97,-121.9,2.952
5.2548,35.0,6.0181,0.9855,949.0,3.4384,33.85,-117.99,1.926
3.5469,36.0,4.2836,1.0614,1538.0,4.4971,34.01,-118.09,1.506
4.6417,17.0,6.8292,1.0744,1219.0,3.3581,34.69,-118.12,1.257
2.2431,41.0,4.7992,1.0167,583.0,2.4393,39.13,-121.62,0.634
4.5432,2.0,7.6216,1.2228,8652.0,3.0115,38.72,-121.35,1.513
6.0094,30.0,6.3634,0.9894,1062.0,2.817,34.19,-118.64,2.456
12.2092,20.0,8.837,1.0,1019.0,3.1944,33.82,-117.81,5.0
4.0,38.0,4.391,0.9821,1207.0,3.603,33.8,-118.28,1.655
3.3553,21.0,5.5175,1.0175,2292.0,3.6497,34.07,-117.45,1.135
2.9201,32.0,3.7255,1.0927,1229.0,2.1486,37.79,-122.55,3.222
3.6207,27.0,3.9307,1.1067,1634.0,1.4895,34.09,-118.39,3.625
2.3365,22.0,6.4681,1.1809,1076.0,3.8156,36.35,-119.45,0.696
2.84,41.0,4.079,0.9977,1628.0,3.6749,33.94,-118.21,1.561
2.0734,21.0,3.8336,1.0881,1621.0,2.6444,32.59,-117.1,0.875
3.6442,17.0,4.5846,1.0414,1161.0,2.1823,33.8,-118.07,1.931
4.2731,34.0,5.4511,1.0014,2054.0,2.8687,33.8,-117.93,2.18
2.0486,42.0,4.3851,1.0977,754.0,4.3333,33.93,-118.25,1.018
1.6892,52.0,5.587,1.1196,939.0,3.4022,34.0,-118.31,1.291
2.6842,44.0,5.1696,1.0089,1094.0,4.8839,37.88,-121.38,1.563
4.8229,10.0,5.4,0.9908,1598.0,3.6736,32.91,-117.15,1.832
2.3882,42.0,3.7867,1.0619,1559.0,3.5757,33.95,-118.19,1.481
15.0001,52.0,8.7806,0.9949,688.0,3.5102,34.08,-118.34,5.0
5.6637,20.0,5.6864,1.1142,2327.0,2.4164,33.65,-117.94,2.221
3.3326,52.0,3.8916,1.0493,1462.0,3.601,34.12,-118.2,1.676
2.506,25.0,3.3747,1.0474,5217.0,2.9441,34.14,-118.25,1.845
3.3702,52.0,4.5767,1.0977,784.0,1.8233,37.76,-122.44,3.7
3.5156,42.0,4.7946,1.044,1211.0,2.9609,37.71,-122.47,2.394
3.9773,36.0,5.2427,0.9644,1258.0,4.0712,33.97,-118.08,1.667
2.4286,25.0,4.0463,1.0427,800.0,2.847,34.06,-118.12,2.333
2.5368,35.0,4.2016,1.0262,743.0,1.945,36.97,-122.01,2.4
2.32,25.0,4.5177,1.3535,1134.0,2.8636,38.95,-119.94,0.913
8.6454,31.0,8.0624,1.0107,1986.0,3.0228,34.24,-118.51,4.835
3.6583,37.0,4.3824,1.098,1233.0,4.0294,34.0,-118.16,1.505
2.0493,19.0,4.1865,0.9973,770.0,2.0811,37.58,-120.94,0.995
2.9327,42.0,4.7271,0.9396,985.0,2.3792,34.18,-118.39,2.402
2.5122,45.0,4.75,1.062,1437.0,2.969,37.76,-122.16,0.955
10.3682,37.0,8.0779,1.1234,394.0,2.5584,33.61,-117.92,5.0
4.2898,40.0,5.2249,1.0291,1116.0,2.9524,34.09,-118.06,2.516
1.3291,16.0,3.8319,1.0694,2612.0,2.5533,32.8,-116.96,1.208
4.1563,26.0,5.6844,0.9262,807.0,3.3074,38.67,-121.31,1.357
4.8333,34.0,4.6479,1.0136,1560.0,3.035,34.21,-118.59,2.254
4.0439,27.0,4.9875,1.115,1417.0,1.7712,34.14,-118.42,5.0
3.4643,16.0,5.0724,1.0028,969.0,2.6992,40.31,-120.49,0.851
5.8788,12.0,7.7803,1.0964,2484.0,2.5741,34.11,-118.84,5.0
3.0833,41.0,4.3846,0.9904,1244.0,3.9872,33.95,-118.19,1.648
2.7388,15.0,4.0771,1.0096,866.0,1.6686,38.67,-121.27,1.116
3.8068,12.0,4.9062,1.023,1335.0,2.3628,38.64,-121.34,1.61
5.5601,4.0,7.22,1.0793,7653.0,3.2442,37.97,-121.78,2.137
2.9457,21.0,10.8458,2.1278,1175.0,2.5881,38.03,-120.25,1.165
9.5908,37.0,4.3529,1.1176,63.0,3.7059,37.14,-121.98,3.5
4.0625,35.0,4.7945,1.1225,742.0,2.9328,33.93,-118.34,1.599
3.1445,45.0,4.8404,0.997,633.0,1.9066,34.11,-118.28,4.383
4.6944,26.0,6.1573,0.9919,1495.0,3.0141,38.01,-122.32,1.711
3.6797,21.0,4.2334,1.0421,3240.0,2.0663,33.79,-118.32,2.711
2.7275,17.0,5.5743,1.0514,681.0,1.9457,34.38,-119.55,5.0
2.5993,33.0,4.1016,0.9675,1027.0,4.1748,37.6,-121.02,0.68
2.6957,23.0,3.668,1.112,2249.0,2.8945,34.2,-118.48,1.917
5.8053,24.0,6.4576,0.9814,1818.0,3.0814,33.77,-118.03,2.559
2.2961,46.0,3.4318,0.9015,533.0,4.0379,34.06,-118.2,1.125
3.7292,14.0,5.4239,1.0239,1451.0,2.4803,32.81,-117.02,1.822
5.2868,47.0,6.5464,0.9361,1098.0,2.2639,37.84,-122.23,3.476
5.0863,30.0,5.4784,1.0532,1532.0,2.5449,37.25,-121.95,3.32
2.7857,20.0,5.1102,1.0208,1227.0,2.5509,37.79,-120.98,1.109
3.6875,13.0,4.0492,1.0775,3351.0,2.7925,34.2,-118.4,2.119
4.2344,33.0,4.9301,1.0148,1166.0,2.4703,34.2,-118.51,2.625
4.075,28.0,5.8158,1.0347,3793.0,3.0638,34.38,-119.12,2.379
2.85,38.0,3.2143,0.7679,246.0,4.3929,33.93,-118.25,0.9
4.5179,35.0,5.1981,1.0966,902.0,2.1787,33.83,-118.38,4.272
5.9806,15.0,6.0946,1.1453,673.0,2.2736,32.94,-117.25,3.705
3.0625,8.0,5.2832,1.104,2887.0,2.6806,39.73,-121.79,1.163
2.735,18.0,4.0493,1.1094,2276.0,3.5069,33.88,-118.0,1.708
6.6458,31.0,5.966,0.9949,1957.0,3.3282,34.28,-118.49,2.855
3.1384,46.0,5.6272,1.0874,866.0,2.2262,33.95,-117.4,1.115
3.6,22.0,4.8514,0.9094,820.0,2.971,36.72,-120.08,0.832
5.0838,20.0,6.116,1.0075,3526.0,3.3264,37.54,-122.06,2.482
4.6366,40.0,5.3118,1.0216,1156.0,2.2667,37.49,-122.25,3.955
3.1823,12.0,3.7506,1.0953,2118.0,2.4918,34.17,-118.31,2.183
7.6229,35.0,7.2251,1.0205,881.0,2.576,37.39,-122.1,5.0
2.9965,20.0,5.8392,1.0909,1174.0,2.7366,39.49,-121.49,0.889
2.8512,43.0,5.5458,1.1408,740.0,2.6056,37.69,-122.08,1.81
5.4197,24.0,5.9235,1.0191,934.0,2.5519,34.45,-119.83,2.809
3.0862,35.0,4.6979,1.0554,1159.0,2.2161,34.05,-118.37,3.453
4.9342,23.0,5.7358,1.0532,4580.0,4.1298,34.04,-117.93,1.81
5.3016,33.0,6.1234,1.0386,1339.0,3.4422,33.94,-118.02,1.922
1.5603,25.0,5.0455,1.1333,845.0,2.5606,39.48,-121.09,0.781
1.3036,52.0,9.1364,1.5909,74.0,3.3636,37.64,-121.01,0.75
8.0448,35.0,7.6722,0.9972,1001.0,2.7576,37.88,-122.12,4.333
4.0,26.0,5.0688,1.0036,1285.0,4.6558,34.1,-117.97,1.601
2.5221,7.0,5.0986,1.0873,931.0,2.6225,33.74,-117.22,1.092
4.0625,10.0,5.9169,1.0624,1478.0,3.4134,38.7,-121.42,0.962
4.4769,16.0,5.8655,1.0028,1092.0,3.0588,38.87,-121.27,1.914
5.5456,18.0,36.0755,5.2736,241.0,2.2736,39.19,-120.1,3.6
5.038,9.0,5.4284,0.9672,2581.0,2.8208,38.42,-122.79,1.856
2.3355,18.0,5.7117,1.0598,1868.0,2.2344,33.97,-117.01,1.188
1.6198,30.0,4.3571,1.0357,425.0,3.0357,37.79,-122.23,1.227
5.3638,3.0,6.4447,1.0372,2874.0,3.2438,34.14,-117.55,2.063
4.3397,24.0,6.508,1.0989,1582.0,3.6368,34.06,-117.46,1.956
1.875,48.0,3.4026,0.9957,917.0,3.9697,32.7,-117.13,0.756
3.5,10.0,5.7279,1.1237,866.0,3.0601,40.25,-122.35,1.043
4.3333,39.0,5.7914,1.0,511.0,1.8381,34.13,-118.35,3.859
2.7661,38.0,4.6823,0.9655,1099.0,2.7069,32.74,-117.07,1.139
1.6,43.0,3.3243,0.964,371.0,3.3423,37.94,-122.36,0.794
2.0446,9.0,4.0353,1.1095,620.0,2.1908,36.77,-119.85,0.813
3.0393,17.0,4.2358,1.1531,2365.0,2.9198,33.96,-118.36,1.292
1.5739,16.0,5.9146,1.206,519.0,2.608,38.87,-122.64,0.735
4.5707,27.0,5.4898,0.9558,1666.0,2.8333,38.01,-122.03,1.759
3.3603,29.0,4.5849,1.1294,1616.0,4.3558,34.27,-118.44,1.424
2.5806,47.0,4.7391,1.1431,1533.0,2.5808,34.05,-118.35,2.341
3.5445,25.0,3.8727,1.0595,2068.0,2.1587,37.53,-122.28,2.867
2.8616,47.0,6.4037,1.1651,630.0,2.8899,38.29,-121.54,0.925
3.8073,14.0,5.1111,1.0956,1085.0,2.8036,32.82,-116.91,1.701
2.7708,33.0,4.5644,1.0258,1037.0,2.6727,36.62,-121.83,1.618
5.1171,36.0,6.6455,1.0591,664.0,3.0182,33.83,-118.11,2.253
2.3375,33.0,3.6364,1.0267,2649.0,4.7219,33.93,-118.35,1.706
3.0574,25.0,3.7659,1.1488,1890.0,2.0678,34.03,-118.39,3.194
3.2279,28.0,5.7316,0.9421,544.0,2.8632,35.51,-119.27,0.958
2.218,35.0,5.2764,1.0747,2736.0,3.2456,33.94,-116.87,0.734
3.5962,36.0,6.0954,1.1489,632.0,2.4122,40.31,-121.24,0.936
1.7926,22.0,3.8709,0.9494,1543.0,3.9063,36.84,-119.79,0.517
2.8514,52.0,3.8018,1.0912,1095.0,1.9211,33.99,-118.47,3.587
1.6854,18.0,4.7565,1.1757,3415.0,2.79,36.79,-119.82,0.647
6.4027,11.0,6.9204,1.0475,2588.0,3.0736,33.05,-117.24,3.442
5.6512,33.0,6.7644,1.0554,3798.0,2.6955,38.02,-122.57,3.14
2.6402,43.0,3.7073,1.0366,705.0,2.8659,34.03,-118.38,1.857
5.5777,21.0,7.5183,1.0529,2214.0,3.0041,37.94,-122.03,2.793
2.9018,52.0,4.6212,1.0985,281.0,2.1288,37.85,-122.28,1.194
5.4386,33.0,6.1783,1.0414,877.0,2.793,37.28,-121.96,2.804
4.8958,17.0,7.3483,1.0899,825.0,3.0899,37.91,-121.7,1.871
2.1542,17.0,7.045,1.5541,517.0,2.3288,41.01,-123.52,0.838
3.5875,39.0,4.9211,1.094,1314.0,2.4699,34.11,-118.15,3.093
6.4232,7.0,6.7075,1.0146,8276.0,3.0182,38.08,-122.17,2.292
2.7875,30.0,4.7074,1.0633,1023.0,2.2336,36.99,-122.02,2.45
5.5196,45.0,5.4444,1.0123,1474.0,2.5996,33.83,-118.13,2.276
5.0151,33.0,4.8043,1.0724,1124.0,1.8487,34.05,-118.42,5.0
3.4799,16.0,6.5639,1.2748,1298.0,2.0735,35.58,-121.12,3.208
3.75,16.0,5.7687,1.0233,1478.0,2.4592,38.68,-121.28,1.473
5.1098,16.0,5.8149,0.9291,1754.0,3.0346,32.74,-116.98,1.623
6.8154,24.0,7.6406,1.0234,969.0,3.7852,33.6,-117.68,2.659
6.822,41.0,4.9824,1.0176,344.0,2.0235,33.87,-118.43,5.0
4.3598,5.0,4.694,1.0684,5006.0,2.74,32.89,-117.16,1.891
7.5,15.0,8.5793,1.0803,1580.0,3.3404,32.78,-116.91,3.164
3.0083,18.0,4.283,1.0453,3001.0,3.7748,34.23,-118.39,1.819
3.1921,27.0,3.9576,1.0237,982.0,1.6644,32.74,-117.16,2.615
1.3417,33.0,4.4218,1.0379,838.0,3.9716,34.12,-117.33,0.69
2.1484,52.0,5.1923,1.3077,93.0,3.5769,37.72,-122.39,1.813
4.9375,19.0,4.6176,1.057,1275.0,2.3438,33.87,-118.36,2.93
4.3676,28.0,6.3929,1.0119,1304.0,3.1048,34.18,-117.3,1.111
4.8667,44.0,5.9906,1.0986,538.0,2.5258,33.86,-118.14,2.183
2.181,36.0,3.3996,1.0251,2003.0,4.1904,34.04,-118.2,1.472
2.0368,37.0,5.6627,1.2651,522.0,6.2892,34.17,-119.11,2.438
4.5708,25.0,5.6884,1.0197,4944.0,3.0387,34.11,-117.85,2.23
3.0417,18.0,4.7308,1.0769,121.0,4.6538,34.11,-117.97,1.375
1.7427,32.0,4.7576,1.0171,2060.0,2.7141,40.69,-122.36,0.606
1.625,4.0,3.0,0.5,8.0,1.3333,35.22,-117.76,2.75
1.4722,52.0,3.2255,1.0686,291.0,2.8529,34.42,-119.7,3.5
2.3182,38.0,3.3654,0.9753,1798.0,4.4395,34.21,-118.38,1.712
2.3456,42.0,4.3984,1.252,380.0,3.0894,37.74,-122.18,0.835
3.5109,21.0,3.7156,1.0711,801.0,1.8981,33.72,-118.29,2.25
2.4207,31.0,3.8502,1.1215,1485.0,3.0061,37.32,-121.92,1.656
3.5714,38.0,4.4912,0.9765,1303.0,3.8324,34.28,-118.45,1.52
2.9063,52.0,6.5904,1.1229,1025.0,3.4983,37.73,-122.39,1.92
6.5412,12.0,6.89,0.9713,1381.0,3.3038,32.81,-117.04,2.542
2.5764,14.0,5.0898,1.0039,1228.0,2.3984,34.71,-118.06,1.5
4.1379,22.0,4.6832,1.0941,1015.0,2.5124,33.8,-118.06,2.125
1.6429,23.0,5.0631,1.1014,1132.0,2.5495,40.63,-122.42,0.804
5.64,27.0,5.8339,0.9872,1016.0,3.246,37.62,-122.08,2.065
6.1896,19.0,5.923,1.0025,2199.0,2.7317,37.5,-122.53,3.311
5.4548,35.0,5.5857,1.0286,425.0,3.0357,34.19,-118.56,2.014
5.1811,6.0,9.4319,1.3478,1168.0,3.3855,38.42,-121.36,1.884
4.6141,4.0,4.798,1.1429,428.0,2.1084,33.71,-117.78,1.954
8.2069,17.0,7.2036,1.0911,1158.0,2.0679,37.26,-121.99,4.425
4.4595,24.0,6.2487,1.0079,1051.0,2.7513,34.7,-120.47,1.527
10.9237,44.0,7.838,1.1065,498.0,2.3056,34.14,-118.43,5.0
5.2299,36.0,5.6035,0.9924,1042.0,2.6313,33.82,-118.09,2.398
2.9135,27.0,5.3493,0.933,647.0,3.0957,37.48,-120.89,1.594
3.3333,11.0,6.4104,1.1642,2466.0,3.3735,33.67,-116.31,0.918
4.1071,52.0,4.6816,0.9458,1337.0,3.1533,37.73,-122.43,2.409
3.4871,30.0,5.6821,1.0497,2192.0,3.8934,34.09,-117.74,1.364
1.8112,29.0,3.7135,1.0632,3675.0,3.2696,32.69,-117.1,1.036
3.9607,18.0,5.8327,1.0456,741.0,2.8175,38.12,-121.29,1.325
3.32,40.0,4.5488,1.1111,701.0,2.3603,37.56,-122.31,2.929
2.8684,20.0,6.7661,1.7458,659.0,2.2339,33.41,-116.01,0.628
2.64,45.0,4.8475,1.0588,1304.0,2.841,37.93,-122.34,1.121
3.5524,27.0,5.7916,0.9368,1271.0,2.9766,35.4,-118.96,0.891
2.8393,20.0,8.3354,1.2848,453.0,2.8671,33.76,-117.02,1.207
3.3882,52.0,3.7712,1.0638,1588.0,1.985,37.78,-122.44,4.714
4.7344,50.0,5.4169,1.0953,947.0,2.0998,34.13,-118.15,3.147
4.4279,32.0,4.6719,0.991,1075.0,2.4321,33.93,-118.14,2.264
4.0488,33.0,4.9028,1.0768,1804.0,2.1657,32.7,-117.17,4.097
1.9453,34.0,3.8077,0.9231,527.0,4.0538,33.94,-118.05,1.49
7.2211,30.0,6.4132,0.9184,1005.0,2.6447,36.73,-119.69,1.717
6.3699,25.0,5.8468,0.8766,569.0,2.4213,37.96,-122.1,2.355
5.753,5.0,6.3862,1.1146,1546.0,2.7266,33.52,-117.68,3.228
4.7402,34.0,5.0073,1.061,1915.0,2.7794,37.32,-122.0,2.445
3.8056,7.0,6.5993,1.1237,7139.0,2.9427,33.63,-117.29,1.622
6.5378,34.0,6.6961,0.9846,1879.0,2.6317,37.88,-122.06,3.409
1.4773,36.0,4.7816,1.1379,814.0,4.6782,35.37,-118.99,0.574
3.1629,33.0,3.658,1.024,1345.0,2.69,34.18,-118.37,1.989
2.7303,51.0,4.972,1.0709,1258.0,2.347,37.83,-122.27,1.097
1.6036,39.0,3.2511,0.8961,1010.0,4.3723,34.01,-118.29,1.375
4.15,11.0,5.5009,1.0616,2728.0,2.5448,35.62,-117.66,0.857
2.5495,27.0,5.445,1.0785,1082.0,2.8325,39.19,-121.53,0.983
4.0,32.0,5.5,1.0331,1201.0,3.9768,33.92,-117.95,1.782
2.625,16.0,6.4,0.8,36.0,7.2,37.0,-122.0,1.375
3.3555,52.0,3.9615,1.1117,1447.0,2.6502,37.75,-122.42,2.75
7.2532,9.0,6.4812,0.9693,1070.0,3.6519,33.9,-117.96,3.815
8.1596,36.0,6.951,1.0261,807.0,2.6373,33.89,-118.4,5.0
10.7751,19.0,9.0205,1.0974,659.0,3.3795,32.84,-117.25,5.0
3.5667,17.0,15.0212,2.7778,390.0,2.0635,39.18,-120.12,1.792
3.2112,20.0,6.5173,1.3538,1309.0,2.5173,35.6,-121.1,2.045
7.1463,31.0,6.5346,1.0152,1349.0,2.9199,34.24,-118.24,3.941
3.0909,30.0,4.4474,1.1053,1314.0,3.1435,33.75,-117.99,1.844
2.535,37.0,4.7232,1.1228,1109.0,2.4754,37.68,-122.1,1.74
2.8519,17.0,5.0478,1.0299,1764.0,3.5139,37.43,-120.79,0.807
4.2917,37.0,5.8684,1.0296,788.0,2.5921,37.96,-122.06,1.896
2.5208,31.0,5.8912,1.1293,979.0,3.3299,36.54,-119.83,0.6
2.25,36.0,4.023,1.106,1086.0,5.0046,33.89,-118.22,1.266
3.5859,17.0,4.0,1.0095,903.0,2.1348,33.67,-117.99,2.625
2.8365,34.0,4.5814,1.0795,1517.0,2.9399,37.79,-122.21,1.392
1.3304,28.0,5.6454,1.078,962.0,3.4113,36.7,-119.8,0.513
6.0783,23.0,5.634,0.866,934.0,3.0523,34.27,-118.65,2.292
4.7804,19.0,6.3471,0.9941,1378.0,2.702,36.83,-119.77,1.011
2.5278,35.0,5.01,1.03,842.0,2.8067,34.71,-118.15,0.977
1.7463,36.0,3.4245,1.0204,1079.0,4.4041,34.07,-118.22,1.583
7.5349,33.0,7.0029,0.9306,998.0,2.8844,37.89,-122.04,3.491
3.567,28.0,6.0745,1.0709,663.0,2.3511,36.81,-119.77,0.855
5.084,44.0,5.6784,0.9576,799.0,2.8233,33.87,-118.14,2.141
4.6473,36.0,5.4828,1.0094,855.0,2.6803,33.81,-118.13,2.271
2.8875,17.0,5.6765,1.1253,1278.0,2.9112,32.82,-116.92,1.557
1.5625,22.0,4.3586,1.0602,826.0,2.1623,40.59,-124.14,0.668
5.3559,36.0,5.6667,0.9812,683.0,3.2066,34.07,-117.93,2.073
4.1298,19.0,5.7743,1.0487,1290.0,2.854,37.77,-121.37,2.228
2.7587,52.0,4.1757,1.0598,1939.0,1.8414,37.77,-122.43,3.545
3.5987,31.0,4.2272,1.0896,1303.0,2.0848,34.03,-118.47,3.405
2.3194,25.0,5.2104,1.0369,1527.0,3.3124,36.15,-119.06,0.529
2.75,50.0,3.8984,0.9922,287.0,2.2422,37.86,-122.3,1.406
2.274,27.0,3.48,1.128,2296.0,3.0613,34.04,-117.95,1.508
2.0903,34.0,7.6124,1.4719,434.0,2.4382,41.79,-120.08,0.561
5.9345,23.0,7.2876,1.0301,926.0,3.097,37.69,-121.91,2.596
3.8456,51.0,4.6673,1.0039,1160.0,2.2568,33.83,-118.32,3.189
4.4091,37.0,5.4172,1.0533,925.0,2.7367,33.93,-118.33,1.484
4.7332,22.0,5.6695,1.0536,2613.0,2.8036,33.99,-117.97,2.899
5.0258,12.0,5.8829,1.2437,622.0,1.9684,33.89,-117.92,1.618
2.425,40.0,4.9504,1.0862,950.0,2.4804,33.74,-118.3,2.55
2.8523,4.0,4.3534,1.1034,491.0,1.4109,38.02,-121.3,0.875
6.0516,30.0,6.7806,0.9745,1135.0,2.8954,33.94,-117.93,2.45
2.9213,42.0,3.8991,1.0046,997.0,2.2867,34.01,-118.42,3.05
3.6389,34.0,3.8685,1.0516,430.0,2.0188,34.13,-118.15,2.15
3.654,38.0,4.9364,1.0691,2357.0,2.1427,32.75,-117.17,2.49
15.0001,48.0,9.7298,1.0524,770.0,3.1048,34.08,-118.42,5.0
2.6667,45.0,4.5759,1.1108,1260.0,3.0361,33.99,-118.43,3.2
4.615,36.0,5.5662,1.0366,1236.0,3.4817,33.95,-118.04,1.74
5.0477,16.0,4.2305,0.9719,1285.0,2.5752,37.3,-121.93,2.925
8.496,34.0,7.826,1.0509,1817.0,2.4324,32.82,-117.26,5.0
5.2128,52.0,5.8629,0.9961,1242.0,2.3977,37.76,-122.23,2.899
5.2114,40.0,5.3385,1.0015,1498.0,2.3153,37.43,-122.13,4.384
3.1607,42.0,3.6773,1.1864,1454.0,3.3045,34.08,-118.28,1.82
0.8702,11.0,3.7173,0.9315,625.0,1.8601,34.02,-118.33,1.705
2.6055,36.0,4.9748,0.9843,761.0,2.3931,36.78,-119.82,0.692
1.8977,35.0,5.2459,1.1885,1723.0,2.8246,32.67,-117.07,0.956
6.5356,15.0,5.2333,0.9733,747.0,1.66,33.66,-117.83,2.728
4.2813,33.0,6.3404,1.117,212.0,2.2553,38.13,-121.84,0.813
4.0217,46.0,4.8176,0.9581,1429.0,2.9958,37.75,-122.5,2.724
2.8203,24.0,4.9978,1.0108,1549.0,3.3456,35.05,-120.48,1.526
2.3269,28.0,4.422,1.0642,782.0,3.5872,37.94,-121.25,0.559
5.2227,18.0,5.5521,0.9356,1189.0,3.6472,33.85,-117.82,2.135
3.9615,17.0,5.4935,1.0087,494.0,2.1385,38.65,-121.52,3.313
4.3636,33.0,5.5102,1.0148,1869.0,3.4675,33.81,-118.0,2.018
2.4375,52.0,5.0196,0.986,1049.0,2.9384,36.76,-119.81,0.571
4.2679,44.0,4.3887,1.0066,471.0,1.5648,34.15,-118.33,3.318
4.7159,36.0,6.5616,1.069,648.0,3.1921,34.13,-118.01,3.659
2.6458,26.0,5.4167,1.1019,830.0,3.8426,37.82,-121.27,1.275
3.332,16.0,5.8158,1.0997,2140.0,2.964,37.02,-119.57,1.118
5.3922,26.0,7.0859,0.947,1617.0,4.0833,37.64,-122.46,3.537
4.2381,22.0,5.7778,1.0049,1650.0,2.6961,34.27,-119.23,2.293
0.9889,40.0,3.6111,1.0,1068.0,3.9556,33.93,-118.25,0.875
2.3812,21.0,3.725,1.075,686.0,1.715,33.88,-118.31,2.375
2.6513,21.0,4.9801,0.9283,1428.0,2.8446,40.55,-122.36,1.133
2.4028,19.0,4.3478,0.9174,572.0,2.487,34.1,-117.39,1.125
2.8548,6.0,8.0959,1.4281,1543.0,2.7407,34.7,-118.09,1.385
3.3942,32.0,4.515,1.0357,1020.0,1.9173,32.81,-117.25,3.074
2.6165,34.0,4.5932,1.0311,1166.0,3.6211,33.89,-118.24,1.009
1.9787,39.0,4.3981,1.0376,1659.0,2.6003,38.68,-121.78,0.978
3.1523,36.0,4.9808,1.1648,688.0,2.636,34.25,-118.3,1.767
2.5372,21.0,3.6131,1.0637,1264.0,1.9181,36.6,-121.85,2.18
3.4375,17.0,4.1556,1.0222,412.0,2.2889,37.4,-122.09,2.906
4.1387,24.0,4.6476,0.9943,4516.0,4.301,33.91,-118.06,1.577
8.1611,4.0,8.3949,0.9821,1312.0,3.3641,33.59,-117.64,3.48
2.1991,47.0,4.7128,1.0426,517.0,2.75,37.97,-121.24,0.672
3.375,42.0,5.0955,1.0908,1668.0,2.6561,34.14,-118.07,2.604
3.2135,37.0,5.5413,1.0579,533.0,2.2025,38.31,-120.8,1.236
1.8385,14.0,5.2379,1.0733,1633.0,2.9213,36.33,-119.63,0.675
4.05,20.0,6.2203,0.9956,700.0,3.0837,38.67,-121.22,1.307
2.3594,26.0,4.9781,1.0073,1326.0,2.4241,40.47,-122.31,0.66
4.59,37.0,5.0143,0.9343,882.0,2.52,37.99,-122.03,1.666
4.5781,9.0,6.0858,1.063,2235.0,2.996,33.18,-117.26,2.256
3.1004,26.0,3.4141,1.0807,1332.0,2.7578,34.15,-118.23,2.571
12.3411,4.0,7.4721,0.9657,811.0,3.4807,33.64,-117.81,5.0
2.7443,39.0,4.3472,1.0111,1389.0,3.8583,33.89,-118.21,1.139
3.1312,22.0,4.5753,1.0689,2453.0,3.9311,33.88,-117.53,0.91
4.8375,40.0,6.8625,1.0938,415.0,2.5938,38.64,-121.26,2.174
2.5172,24.0,5.3679,1.0699,2127.0,2.7552,34.03,-117.1,0.96
3.2031,16.0,7.9724,1.3757,435.0,2.4033,38.46,-120.55,1.292
7.0907,22.0,7.5085,0.9867,1774.0,3.3662,33.69,-117.98,3.502
11.0138,16.0,7.307,1.0608,868.0,2.6383,33.64,-117.81,4.421
2.875,16.0,4.8083,1.0652,1969.0,2.5671,32.82,-116.77,2.229
1.9206,26.0,4.0976,1.0247,3010.0,3.2296,37.62,-120.98,0.813
3.2292,34.0,5.3303,1.0697,2083.0,6.3121,33.74,-117.89,1.606
6.5571,10.0,6.4614,1.0623,2030.0,3.0119,34.13,-118.76,5.0
7.0808,4.0,6.4233,1.0569,2907.0,2.6694,34.29,-118.57,3.412
6.187,18.0,6.6262,1.0073,1248.0,3.0291,34.18,-118.93,2.879
6.6085,27.0,6.4109,1.0908,1537.0,2.5363,37.37,-122.05,3.447
4.7738,35.0,6.0485,0.9879,1409.0,4.2697,33.81,-117.96,1.8
5.1589,3.0,4.2021,0.892,563.0,1.9617,33.66,-117.59,1.678
1.3801,25.0,4.7375,1.725,604.0,2.5167,33.78,-116.46,0.55
1.625,34.0,4.4737,1.0833,795.0,3.4868,35.38,-118.98,0.508
3.9219,15.0,4.4667,1.0444,677.0,2.5074,33.74,-117.93,1.426
4.5,17.0,5.9862,0.9724,825.0,3.8018,37.3,-121.83,2.358
3.1848,43.0,4.9464,0.9005,968.0,2.4694,38.11,-122.22,1.127
3.9792,45.0,5.4578,1.1,1300.0,2.8889,33.8,-118.2,2.102
1.9722,28.0,5.2124,1.1813,738.0,3.8238,36.49,-121.48,2.107
1.3646,44.0,4.344,1.168,506.0,4.048,38.53,-121.47,0.654
2.5544,8.0,2.997,1.1873,694.0,2.0967,33.78,-118.19,1.625
2.6014,15.0,4.0992,1.0992,1839.0,2.0969,34.14,-117.97,1.503
5.0762,26.0,5.5565,1.1466,1518.0,1.8857,34.05,-118.4,5.0
2.7159,45.0,5.3066,1.1261,1132.0,3.2436,37.77,-122.19,1.014
3.1923,42.0,4.1736,1.0622,879.0,2.2772,34.18,-118.52,2.218
4.5714,18.0,6.3629,1.0764,4168.0,3.6626,37.0,-121.57,2.603
2.6959,21.0,3.7576,1.0125,1952.0,2.7036,33.78,-117.86,1.788
2.8917,33.0,4.6993,1.0098,1378.0,4.5033,34.2,-118.37,1.704
6.8695,27.0,6.5674,1.0078,1071.0,2.7746,34.28,-118.49,3.194
3.3289,39.0,5.5805,1.2902,1449.0,3.5341,36.38,-121.4,1.906
3.7568,4.0,5.7274,1.144,6666.0,2.5521,33.22,-117.3,1.841
2.8701,26.0,3.6833,1.0978,1998.0,3.3134,34.2,-118.53,1.911
4.8295,44.0,6.0584,1.0462,1305.0,3.1752,33.95,-118.31,1.496
5.2391,22.0,5.029,1.1359,1337.0,2.0412,37.43,-122.2,5.0
4.0846,36.0,5.6024,0.9574,1576.0,3.1968,33.94,-118.09,1.834
8.5957,8.0,8.1059,1.0088,1045.0,3.0735,33.07,-117.07,4.441
3.2216,39.0,4.4813,1.0891,1807.0,2.5963,37.62,-122.41,2.427
2.0742,31.0,4.212,1.0848,1013.0,3.5795,34.0,-117.4,0.762
3.7562,34.0,5.4752,1.0583,2237.0,3.2609,37.98,-122.35,1.329
3.9777,36.0,4.9554,0.998,1115.0,2.2617,34.19,-118.22,4.098
2.6981,35.0,5.5723,1.0055,4885.0,3.8404,38.55,-121.28,1.125
5.6413,35.0,5.3617,0.9282,1023.0,2.7207,37.44,-122.11,3.766
2.5536,31.0,4.0719,1.0103,891.0,3.0514,37.97,-121.26,0.505
6.7082,30.0,6.68,1.021,1427.0,2.7181,34.16,-118.48,5.0
3.8929,35.0,6.3627,1.1569,632.0,3.098,37.62,-122.03,2.095
2.9063,31.0,5.5087,1.0418,776.0,2.7038,40.87,-121.67,0.778
5.533,24.0,6.6828,1.003,899.0,2.716,34.28,-119.22,2.997
4.5491,34.0,7.3971,1.4559,275.0,4.0441,34.36,-118.29,3.75
2.6985,16.0,4.2584,0.9463,1609.0,5.3993,32.57,-117.06,1.565
3.6294,18.0,3.4988,1.0715,1968.0,1.5807,37.28,-121.94,2.4
2.3929,16.0,5.3271,1.0598,2028.0,2.6968,39.91,-122.12,0.772
2.9208,28.0,5.4151,1.0991,521.0,2.4575,36.04,-118.92,0.985
3.1477,52.0,4.2137,1.0962,1335.0,2.1778,37.8,-122.41,5.0
3.5789,40.0,4.8807,1.1136,427.0,2.4261,37.74,-121.43,1.104
3.2639,10.0,5.1156,1.0811,1335.0,2.7079,36.13,-120.37,0.864
2.2612,36.0,2.5156,1.0712,3155.0,3.4035,34.09,-118.3,2.304
3.766,33.0,4.9479,1.005,993.0,2.464,34.14,-117.96,1.639
7.8177,36.0,6.7505,0.9381,1296.0,2.4315,37.38,-122.11,5.0
2.1833,52.0,7.2759,1.3846,1977.0,2.622,40.35,-121.03,0.495
4.0147,34.0,6.0247,1.06,1929.0,3.4021,34.58,-118.07,1.074
2.6094,20.0,5.0688,1.2963,590.0,3.1217,36.25,-121.84,3.625
2.7026,38.0,3.3313,0.8854,1535.0,4.7523,34.04,-118.16,1.45
3.0375,48.0,4.5752,1.0951,946.0,2.0929,37.34,-121.93,2.185
3.2857,37.0,4.713,1.0216,1504.0,4.642,34.12,-117.99,1.301
3.5562,32.0,5.0528,1.0722,1679.0,4.6639,33.89,-118.07,1.46
1.951,17.0,3.8385,1.0814,1876.0,2.5047,38.67,-121.79,1.525
6.8336,35.0,6.9351,1.0,659.0,2.5153,37.52,-122.31,4.572
5.0164,13.0,6.5815,0.9967,1969.0,3.2438,37.98,-121.82,1.652
3.1941,28.0,4.7624,1.1083,1248.0,1.8767,34.02,-118.42,3.947
3.9583,8.0,5.5506,1.034,4797.0,4.0756,32.55,-117.09,1.444
2.9559,36.0,4.6524,1.0408,1225.0,2.3786,38.61,-121.39,1.366
6.0767,16.0,5.5724,0.9448,371.0,2.5586,38.38,-122.02,2.164
3.4426,7.0,5.4164,1.0284,3006.0,3.2852,37.73,-121.16,1.39
2.4183,7.0,4.5829,1.0829,1065.0,2.5976,39.16,-121.63,1.038
6.015,41.0,6.795,1.0827,802.0,2.8849,33.81,-118.38,4.885
4.1667,13.0,6.1857,1.262,1335.0,2.2139,33.09,-117.26,2.271
4.2009,6.0,5.7239,1.0243,985.0,1.8377,33.63,-117.63,2.38
6.0808,35.0,4.9691,0.9416,759.0,2.6082,34.27,-118.31,2.156
6.0194,44.0,5.7353,1.0,1358.0,2.2747,37.84,-122.21,2.923
2.7218,38.0,3.8091,0.9745,1240.0,2.2545,32.64,-117.09,1.459
3.9443,2.0,7.5077,1.1948,7132.0,2.6259,33.57,-117.16,1.873
3.9734,17.0,6.2156,1.0377,2066.0,2.6831,39.01,-121.02,1.854
2.5668,24.0,3.7425,1.0474,2690.0,1.9621,34.16,-118.25,2.8
2.7734,34.0,3.0472,0.8798,1134.0,4.867,33.94,-118.21,1.411
2.5156,43.0,4.8294,1.1877,569.0,1.942,37.68,-122.09,1.909
4.125,52.0,3.125,0.5625,60.0,3.75,34.07,-117.37,2.625
4.5398,52.0,4.3241,1.0139,809.0,1.6083,37.86,-122.49,4.42
6.2748,22.0,7.0541,0.9981,1565.0,3.0212,34.22,-118.88,2.748
2.06,40.0,5.2802,1.0934,509.0,2.7967,34.15,-117.3,0.855
5.7579,17.0,5.982,0.9945,2629.0,3.6463,37.58,-122.01,2.318
6.3236,24.0,7.8294,1.0656,1203.0,3.1575,34.29,-118.71,3.02
5.7613,23.0,6.2967,1.1016,1486.0,3.0203,34.2,-118.62,2.358
3.0469,16.0,5.7642,1.1165,1104.0,2.9919,39.79,-122.25,0.722
3.4509,24.0,4.0387,1.0105,2409.0,4.2337,37.35,-121.82,1.824
4.9211,52.0,3.9721,1.0797,1848.0,1.4725,37.8,-122.42,5.0
1.6827,52.0,4.9347,1.0966,974.0,2.5431,39.72,-121.83,0.787
2.2264,11.0,2.8994,1.0526,2466.0,2.8842,34.19,-118.45,1.813
4.6937,26.0,5.484,1.0087,2103.0,3.0567,34.13,-117.84,1.98
3.3558,29.0,3.9865,0.9432,965.0,2.6081,33.92,-118.34,1.996
2.6941,11.0,5.5994,1.0854,2074.0,3.2205,36.93,-120.04,0.633
4.1563,12.0,6.7515,1.4132,1006.0,3.012,37.13,-118.94,0.94
3.2314,31.0,4.6222,1.0716,1511.0,3.7309,34.17,-119.19,1.868
3.4107,35.0,5.034,1.0453,1158.0,3.2805,32.72,-117.05,1.17
3.1389,31.0,5.3746,1.1003,2229.0,3.2876,38.02,-121.87,1.178
4.1361,26.0,5.8782,1.0075,1884.0,2.8331,34.02,-117.03,1.21
3.7206,39.0,3.6919,1.0135,1237.0,3.3432,34.03,-118.39,2.309
3.5655,52.0,4.0945,1.1042,1575.0,1.7101,37.76,-122.43,4.273
3.038,12.0,5.9128,1.359,446.0,2.2872,33.57,-116.87,1.281
3.2708,46.0,4.6116,0.9955,462.0,2.0625,33.53,-117.77,3.847
4.6098,24.0,5.4556,1.0876,2249.0,2.8541,37.71,-122.43,2.904
1.3448,11.0,3.3657,1.0211,1905.0,2.6793,32.75,-117.1,0.913
2.125,24.0,4.3356,0.8993,454.0,3.047,36.95,-120.06,0.619
4.693,11.0,5.8731,1.0508,2760.0,2.802,34.23,-119.01,2.322
3.5802,5.0,5.0897,1.0519,7608.0,2.6864,38.7,-121.35,1.296
2.7569,21.0,5.3159,1.1085,2657.0,3.1669,34.08,-117.42,1.275
3.5694,31.0,4.305,1.0347,1369.0,5.2857,33.73,-117.86,1.505
2.5682,25.0,3.9408,0.9268,1308.0,3.6845,32.8,-117.16,1.875
9.5268,13.0,7.1393,0.9903,2429.0,3.383,33.67,-118.07,4.379
4.5455,25.0,5.5113,1.1068,775.0,2.5081,34.68,-118.14,1.265
7.9606,34.0,6.5045,1.0182,503.0,2.2864,37.9,-122.55,4.534
4.9879,28.0,6.518,1.0576,853.0,3.0683,37.67,-121.87,2.294
4.5075,39.0,5.251,1.042,1744.0,2.2917,37.51,-122.27,3.649
3.5885,18.0,5.2365,1.0173,1150.0,2.2115,38.43,-122.68,1.919
0.6831,37.0,3.9048,0.9824,2865.0,4.1947,33.95,-118.23,0.875
2.6389,45.0,5.4972,1.0339,500.0,2.8249,35.07,-119.45,0.3
4.9125,30.0,5.0267,1.0,1081.0,2.6238,33.63,-117.91,3.357
3.8,26.0,6.8765,1.1514,672.0,2.6773,38.29,-122.49,2.421
3.9615,37.0,4.8792,1.0365,1061.0,2.9803,34.23,-118.43,1.737
1.5464,17.0,4.5,0.9935,2022.0,4.3766,36.31,-119.22,0.541
3.6412,15.0,5.3442,1.093,1520.0,2.4796,35.33,-120.84,2.078
1.625,19.0,6.8545,1.2545,198.0,3.6,32.75,-115.64,1.125
4.25,35.0,5.481,0.9541,1779.0,3.5509,34.1,-117.91,1.667
4.7344,37.0,5.1361,0.9607,1267.0,3.3168,37.56,-122.3,2.718
4.6364,17.0,6.1699,1.0356,1776.0,4.8658,32.57,-117.06,1.411
2.125,31.0,5.7143,1.1429,25.0,3.5714,34.02,-118.05,3.75
2.1518,43.0,3.7281,0.9344,1184.0,3.7,34.23,-118.39,1.616
4.2422,15.0,4.3605,1.0759,1261.0,2.3928,33.88,-117.99,1.594
2.5156,32.0,4.8333,1.0486,443.0,3.0764,37.83,-121.28,0.863
4.3409,40.0,5.1349,1.0419,669.0,3.1116,36.98,-121.99,2.563
2.9389,18.0,4.309,1.0979,1855.0,2.5586,34.21,-118.53,2.132
4.2276,17.0,4.5863,1.0441,2427.0,2.3794,33.85,-117.85,2.541
4.7877,11.0,6.0874,1.0285,3710.0,3.4131,33.95,-117.24,1.326
1.6402,24.0,4.5343,1.0615,982.0,1.7258,33.23,-117.32,1.693
3.95,52.0,5.0255,1.0577,1191.0,2.0221,37.75,-122.43,3.477
3.7727,22.0,4.8056,1.0263,5389.0,4.5747,34.1,-117.98,1.597
4.8187,20.0,7.6642,1.1569,910.0,3.3212,36.96,-120.1,0.909
4.3125,46.0,6.1351,0.964,531.0,2.3919,33.83,-118.17,2.905
4.51,22.0,5.8586,1.0679,2315.0,2.6188,34.1,-117.85,1.899
8.0499,36.0,6.0805,1.0442,2216.0,1.9611,34.13,-118.36,4.956
6.8976,34.0,6.6123,1.0287,1627.0,2.124,37.83,-122.21,3.333
3.7212,26.0,5.0709,1.0268,1422.0,2.7241,37.69,-121.75,1.838
3.2969,37.0,5.031,0.8982,672.0,2.9735,34.08,-117.95,1.89
1.5872,52.0,3.5325,1.0692,1081.0,1.5268,38.58,-121.48,1.575
2.1681,30.0,5.2443,1.1108,1255.0,3.5653,36.3,-119.78,0.666
4.5536,10.0,11.0981,1.972,1220.0,2.8505,34.24,-117.26,1.324
3.133,33.0,4.3102,1.066,2496.0,4.1188,34.11,-118.23,1.56
3.287,31.0,3.8945,1.0505,1632.0,2.425,34.04,-118.46,3.481
4.3,27.0,4.7064,1.0233,831.0,2.4157,36.61,-121.92,2.264
2.0357,34.0,4.9061,1.1221,896.0,2.1033,36.64,-118.05,0.742
3.2841,15.0,5.4788,1.0327,878.0,1.6885,33.71,-117.75,1.583
10.0346,28.0,8.134,1.0723,1686.0,2.9735,37.36,-122.07,5.0
2.7121,29.0,4.1637,1.087,1723.0,2.5413,33.89,-118.13,1.655
3.5652,27.0,4.3575,1.0088,1278.0,2.2619,37.31,-121.95,3.295
2.875,30.0,4.4217,1.1422,934.0,2.2506,32.76,-117.1,1.396
3.9076,18.0,5.4438,0.9702,3002.0,3.4427,32.6,-117.04,1.529
5.1508,15.0,5.3172,1.0789,3333.0,1.9468,33.77,-118.11,3.673
2.5625,23.0,5.4989,1.0571,1443.0,3.1714,39.72,-122.04,0.7
2.5179,42.0,4.4242,1.0723,1503.0,3.5035,33.93,-118.28,0.974
2.5469,35.0,4.6373,0.9767,1431.0,2.381,39.12,-121.62,0.659
1.2232,31.0,4.4059,1.0559,1168.0,3.4353,35.36,-118.99,0.493
3.6275,23.0,4.8763,1.0269,3881.0,4.1731,34.01,-117.89,1.541
2.8512,25.0,3.4317,1.0091,1337.0,2.4353,33.91,-118.35,2.728
5.1008,47.0,5.3381,0.9588,1284.0,2.6474,34.17,-118.32,2.471
1.7778,30.0,3.4471,1.0329,862.0,2.0282,37.87,-122.27,2.688
3.6625,32.0,4.7664,0.9924,2416.0,3.0505,34.05,-118.12,2.476
6.6447,20.0,6.1709,1.0214,2757.0,2.9455,33.77,-118.31,4.168
3.5852,36.0,5.4412,0.9575,846.0,2.7647,38.65,-121.3,1.216
3.1875,44.0,4.0129,1.0039,2959.0,3.8131,33.96,-118.2,1.717
3.5504,11.0,4.3026,1.0659,3089.0,2.263,34.18,-118.85,1.738
5.2001,16.0,6.1189,1.0586,1291.0,2.1026,33.75,-118.04,2.356
4.3452,49.0,5.6423,0.9962,688.0,2.6462,34.15,-118.09,2.601
2.3421,48.0,3.4255,1.0468,633.0,2.6936,34.1,-118.28,2.0
5.1587,36.0,5.9969,0.9815,909.0,2.7969,33.94,-118.11,2.966
4.0238,19.0,6.4986,1.0795,1142.0,3.1288,37.02,-121.51,3.746
4.1146,45.0,5.0763,1.0789,1992.0,2.577,37.91,-122.31,1.778
5.4224,37.0,6.6209,1.0349,1056.0,2.6334,34.15,-117.87,2.695
1.8264,18.0,5.5576,1.2627,622.0,2.8664,36.14,-120.36,0.62
3.5214,35.0,5.0246,1.1057,1166.0,2.8649,34.25,-118.28,1.976
1.962,43.0,4.5577,1.0625,749.0,3.601,37.96,-121.27,0.527
4.3036,32.0,5.3756,1.0746,1503.0,3.7388,33.8,-117.98,1.914
4.3909,52.0,5.6009,1.0298,1188.0,2.7248,37.74,-122.49,3.177
4.526,21.0,6.2857,1.0259,4185.0,2.6454,33.8,-118.29,3.294
5.6732,43.0,5.9071,1.11,1028.0,2.5134,33.96,-118.4,3.307
5.1668,28.0,5.7013,1.0179,2205.0,3.9445,34.3,-118.41,1.874
3.6705,46.0,5.4944,1.1161,816.0,3.0562,34.16,-118.06,2.865
3.7727,24.0,10.9536,1.8481,473.0,1.9958,33.75,-116.43,5.0
4.4491,19.0,6.3697,1.1114,1216.0,2.8815,38.01,-121.78,1.339
4.6607,29.0,4.7301,0.9792,2630.0,3.0334,34.22,-118.53,1.998
0.8585,15.0,4.8267,1.26,949.0,3.1633,32.76,-114.63,0.45
6.7123,26.0,6.6768,1.0135,924.0,3.1111,37.3,-122.02,3.546
4.5521,35.0,4.3756,1.0635,1079.0,2.7386,33.99,-118.42,2.638
3.94,32.0,5.6971,0.9765,922.0,2.7118,34.12,-118.01,2.784
1.9848,38.0,3.8286,1.1333,1535.0,2.9238,33.8,-118.19,1.604
5.7796,32.0,6.1072,0.9277,1296.0,3.021,33.92,-117.97,2.413
5.7373,12.0,5.6595,0.9957,731.0,3.1509,38.63,-120.84,2.083
5.4609,28.0,6.8036,1.027,1996.0,2.9925,37.27,-121.9,2.636
4.0625,23.0,5.1805,1.0113,767.0,2.8835,32.85,-116.92,1.45
2.6161,30.0,6.8333,1.5979,1387.0,2.3832,38.49,-123.04,1.325
2.6591,33.0,5.1107,1.3121,753.0,2.5268,34.11,-118.18,1.838
2.8194,24.0,4.7625,1.0208,608.0,2.5333,36.75,-119.85,0.811
3.4013,35.0,5.303,0.987,720.0,3.1169,34.23,-118.43,1.765
3.0114,47.0,4.2116,1.0319,787.0,2.2812,34.16,-118.27,2.555
3.5278,32.0,3.8785,0.9957,1131.0,2.4534,33.88,-118.13,1.661
4.3836,18.0,6.0576,1.1273,2071.0,3.1379,38.71,-121.31,1.02
3.2292,44.0,5.2918,0.9715,972.0,3.4591,34.14,-117.31,0.861
2.485,20.0,5.1471,1.0353,834.0,2.4529,40.51,-122.4,1.006
3.0409,52.0,3.7453,1.0718,1100.0,1.8803,37.77,-122.45,5.0
5.3096,47.0,5.5881,1.0405,1219.0,2.9024,33.81,-118.2,2.099
1.1094,49.0,3.7736,1.1447,1448.0,4.5535,37.95,-121.28,0.525
3.0431,41.0,4.6055,1.0982,1516.0,2.4412,34.2,-118.34,2.629
5.4868,7.0,6.4661,0.9661,1077.0,3.0424,36.84,-119.82,1.588
2.588,40.0,5.0938,1.0938,607.0,2.3711,34.13,-117.86,2.095
1.705,33.0,2.5115,1.1377,918.0,3.0098,34.1,-118.31,3.5
4.9485,36.0,5.3206,0.9695,761.0,2.9046,34.26,-118.46,2.171
3.3194,21.0,6.878,1.1171,590.0,2.878,37.32,-120.55,1.414
2.9187,15.0,6.3257,1.1714,1152.0,3.2914,33.67,-116.31,0.934
1.8447,52.0,4.2099,1.0639,1127.0,2.0566,37.86,-122.27,1.982
2.8342,34.0,4.6938,1.0516,5477.0,8.5578,33.75,-117.88,1.872
2.1767,45.0,4.8411,1.0199,924.0,3.0596,37.74,-122.39,1.853
15.0001,35.0,8.5862,1.069,268.0,9.2414,34.13,-118.04,5.0
5.3582,35.0,4.8125,0.9375,334.0,3.4792,34.34,-119.04,2.813
2.7083,36.0,4.6051,1.0064,1286.0,4.0955,33.91,-118.24,1.036
6.0132,25.0,6.6758,0.982,3445.0,2.9545,38.12,-122.59,2.879
2.9,12.0,3.6628,1.1162,1882.0,3.0802,34.17,-118.29,2.083
6.0115,3.0,5.534,1.0563,1024.0,1.9883,37.98,-122.33,1.75
1.9265,44.0,6.8809,1.5872,1112.0,2.366,38.5,-122.97,1.327
3.055,35.0,5.8786,1.05,1056.0,3.7714,34.07,-117.9,1.72
11.1228,17.0,8.5867,1.0116,1180.0,3.4104,33.83,-117.8,5.0
1.899,17.0,5.5056,1.0927,1691.0,4.75,32.69,-115.49,0.64
3.006,52.0,4.702,1.0246,811.0,1.9975,37.88,-122.28,2.279
2.3152,25.0,5.4128,1.055,1424.0,3.2661,36.21,-119.32,0.631
1.8187,36.0,4.4735,1.1195,763.0,3.3761,32.7,-117.12,0.841
5.815,34.0,7.6704,1.1835,780.0,2.9213,38.33,-122.26,3.392
3.0,18.0,4.4561,0.9123,393.0,3.4474,36.96,-120.16,1.563
4.9125,38.0,6.5018,1.0283,633.0,2.2367,32.73,-117.25,3.836
3.9414,18.0,5.3668,1.0449,4976.0,3.2823,33.87,-117.55,1.371
2.3256,24.0,5.9596,1.2764,1532.0,3.4427,36.32,-119.66,0.568
2.5714,43.0,4.9394,0.9773,1322.0,2.5038,37.98,-121.27,0.7
2.0284,35.0,5.3251,1.106,868.0,3.0671,38.22,-121.42,0.963
3.3466,52.0,5.7335,0.9436,694.0,2.1755,37.96,-121.31,0.926
6.6264,25.0,7.227,1.0123,937.0,2.8742,33.78,-118.05,3.591
3.7604,36.0,4.2632,0.9789,862.0,3.0246,33.9,-118.09,1.587
4.7105,41.0,4.2772,1.1415,938.0,1.7935,33.86,-118.4,5.0
3.3724,16.0,5.7407,1.1716,1479.0,2.7593,35.94,-121.0,1.146
8.1117,8.0,7.874,1.0129,2070.0,3.3441,33.88,-117.77,4.102
3.1103,20.0,6.6185,1.1445,431.0,2.4913,37.32,-121.95,2.819
3.0549,7.0,5.1964,1.0644,2223.0,2.3852,40.58,-122.34,1.017
2.5238,49.0,4.192,1.1064,1487.0,2.1965,37.8,-122.24,1.693
3.3003,13.0,3.7087,1.0449,1600.0,1.9417,33.78,-118.15,2.078
3.8839,44.0,5.2998,1.0261,1232.0,2.2942,37.9,-122.53,3.272
4.0425,31.0,4.7138,1.0465,2420.0,2.5554,33.8,-118.31,2.779
2.8214,14.0,10.5293,2.258,1064.0,2.8298,34.29,-116.76,1.114
1.7546,52.0,4.7333,1.0467,1085.0,3.6167,37.76,-122.21,0.806
5.5464,3.0,5.2241,1.0761,1486.0,2.1351,33.7,-117.77,2.075
5.0362,29.0,6.1101,0.9787,2310.0,2.5955,37.91,-122.03,2.753
5.4273,44.0,5.712,0.9547,846.0,2.256,37.33,-121.93,4.21
4.2917,17.0,5.482,0.9928,322.0,2.3165,40.2,-122.23,1.288
3.5147,28.0,5.1195,1.0951,1582.0,2.0334,36.63,-121.93,3.139
3.3462,32.0,5.7157,1.0472,2590.0,3.5922,35.37,-118.91,0.676
1.9236,37.0,3.7102,1.0,827.0,4.6989,37.38,-120.73,0.644
2.2679,36.0,3.2511,1.034,1824.0,3.8809,33.93,-118.34,1.539
2.7011,8.0,4.292,1.0401,1694.0,2.1886,38.66,-121.35,1.307
2.8208,33.0,4.051,1.1582,739.0,1.8852,34.17,-118.38,2.385
5.6234,42.0,5.3342,1.1016,794.0,2.123,37.46,-122.15,3.796
2.8261,24.0,4.533,1.0609,342.0,1.736,33.75,-117.82,1.465
3.2798,45.0,4.0662,1.0523,773.0,2.6934,33.85,-118.19,1.503
2.395,25.0,4.7987,1.147,891.0,1.4233,33.61,-117.71,0.803
2.5183,15.0,5.4875,0.9911,1040.0,1.8505,38.71,-121.17,2.933
5.1097,29.0,5.5551,1.0349,1691.0,2.2728,37.9,-122.08,2.88
4.8542,17.0,6.5373,1.0651,1475.0,3.5542,38.0,-121.87,1.441
3.3936,15.0,5.5327,1.1049,2884.0,3.9292,34.07,-117.62,1.27
3.0345,38.0,4.0277,0.9827,632.0,2.1869,37.71,-122.12,1.521
3.0804,14.0,6.1623,1.1798,660.0,2.8947,39.11,-121.22,1.568
2.4167,25.0,4.7771,0.9949,1594.0,2.0306,34.0,-117.04,1.049
11.8442,31.0,8.3857,1.0578,2092.0,2.6281,34.1,-118.45,5.0
3.8194,25.0,6.1808,1.0769,899.0,3.4577,32.58,-117.07,1.344
11.9666,28.0,7.1392,0.9114,191.0,2.4177,37.42,-122.21,5.0
6.5987,24.0,7.3756,1.0362,1383.0,3.129,33.72,-117.82,2.728
3.071,10.0,6.6875,1.1207,1283.0,2.7651,34.53,-117.26,1.516
4.1169,23.0,5.5443,1.052,1679.0,2.3615,33.81,-118.31,3.626
4.25,18.0,5.602,1.0387,3704.0,3.0461,33.87,-118.25,1.692
3.2661,30.0,4.8882,1.0376,2961.0,2.7829,32.79,-117.18,1.404
1.5069,32.0,4.1458,1.0208,1282.0,3.8155,35.88,-119.27,0.437
5.5435,34.0,6.0845,0.9155,208.0,2.9296,38.35,-122.0,1.36
5.8096,20.0,8.1659,1.0491,1629.0,3.8061,34.27,-118.75,2.644
3.7368,37.0,5.2819,0.9876,1285.0,2.2784,32.76,-117.04,1.522
1.8277,30.0,2.6232,1.1543,2197.0,2.628,34.1,-118.32,1.375
2.1061,32.0,3.4592,0.9348,1148.0,3.1196,34.06,-118.11,2.147
3.6761,20.0,4.4747,1.1175,1798.0,2.9331,34.27,-118.78,1.709
4.0547,14.0,5.45,1.1016,1465.0,2.3629,37.26,-121.81,2.362
3.7969,40.0,4.7143,0.9082,1266.0,2.5837,37.74,-122.5,2.978
3.125,14.0,7.2711,1.1244,766.0,3.4044,37.04,-119.94,0.885
2.3824,27.0,4.5338,1.0243,1889.0,3.2738,32.58,-117.1,1.276
2.7009,35.0,5.7526,1.0105,590.0,3.1053,38.69,-121.37,0.802
3.2632,52.0,4.6141,1.1365,1122.0,2.3923,37.75,-122.42,3.06
3.2333,48.0,5.0453,1.0279,681.0,2.3728,34.11,-118.29,4.364
5.1299,16.0,5.7764,0.9902,2529.0,3.1069,33.69,-117.78,2.389
6.9308,18.0,6.7048,1.0794,1048.0,3.327,33.88,-117.83,2.317
2.4375,47.0,4.8962,1.0154,1193.0,4.5885,34.05,-118.19,1.229
4.375,37.0,5.2418,1.0299,836.0,2.4955,33.82,-118.11,2.182
10.0825,52.0,8.209,1.0246,658.0,2.6967,37.9,-122.28,3.97
2.462,19.0,4.549,1.0155,868.0,2.2371,38.39,-122.83,2.603
5.697,38.0,5.9845,1.0363,971.0,2.5155,37.95,-122.54,4.357
3.95,45.0,4.521,0.895,781.0,3.2815,33.95,-118.35,1.64
5.2078,30.0,6.3323,1.0427,816.0,2.4878,37.0,-122.03,4.405
3.35,23.0,5.5825,1.0337,836.0,2.8148,39.7,-122.18,0.854
3.205,7.0,5.6094,1.0696,2764.0,3.1021,34.48,-117.2,1.019
4.5769,32.0,6.3411,1.1438,806.0,2.6957,34.48,-117.96,1.594
5.4617,17.0,5.4879,1.0374,1381.0,2.5813,33.92,-117.89,1.903
3.1333,30.0,5.9255,1.1312,966.0,3.4255,36.51,-119.65,1.0
1.8715,34.0,2.9421,1.02,1962.0,3.9162,34.02,-118.16,1.396
10.6796,28.0,8.4062,1.0475,1190.0,2.8266,34.14,-118.49,5.0
4.0781,30.0,5.6853,1.239,686.0,2.7331,37.12,-122.04,1.545
