credit_score,age,tenure,balance,num_products,has_cr_card,is_active_member,estimated_salary,churn
850,44,7,62999.22,2,1,0,68336.24,0
710,37,0,0.0,2,1,0,126371.36,0
737,34,7,0.0,1,0,1,77834.69,0
698,42,5,61106.23,2,1,0,162194.21,0
712,32,7,87245.41,1,1,0,37055.9,1
619,38,3,137862.29,2,0,0,121094.41,1
568,37,2,131767.84,2,0,0,26223.75,0
708,48,1,79118.92,2,1,0,130353.81,0
456,37,1,0.0,1,1,1,107002.68,1
721,41,4,141883.49,1,1,0,61098.04,1
700,27,0,64223.6,1,1,0,18201.77,1
593,35,3,0.0,2,1,1,100362.32,0
668,51,0,101312.81,2,0,0,111132.52,1
577,51,3,0.0,1,1,1,151942.1,1
560,44,5,0.0,1,1,1,106997.18,1
741,32,7,0.0,2,1,0,107580.29,0
668,29,8,86077.35,1,1,1,135104.17,0
839,29,6,88783.81,1,0,1,86128.49,0
850,32,2,107092.08,1,1,1,23404.35,0
715,41,10,109074.65,1,0,0,76480.49,0
679,30,2,113845.48,1,1,0,54627.62,0
812,27,3,121675.38,1,0,0,166515.98,0
486,26,5,102707.38,1,0,1,141198.85,0
538,30,2,114258.03,1,1,0,26987.54,1
637,18,7,0.0,1,0,0,18951.24,0
687,22,2,101667.36,2,0,1,141399.89,0
666,28,10,48916.25,1,1,1,157762.9,0
667,34,7,0.0,2,1,1,165060.85,0
727,54,6,109898.38,1,1,1,114596.46,1
657,45,7,89336.04,2,1,1,62375.23,0
711,40,9,0.0,2,0,1,177474.0,0
681,22,10,57956.88,1,1,1,150863.73,0
602,32,3,0.0,2,1,0,161347.11,0
577,44,0,0.0,1,0,0,94251.75,1
559,50,1,87941.36,1,1,1,29382.86,1
696,18,2,0.0,2,0,1,114744.58,0
638,51,4,101470.89,2,1,1,108687.08,0
832,36,8,84081.64,1,0,1,72801.16,0
672,47,0,125796.45,1,1,1,40885.7,0
841,32,8,147284.87,2,1,1,67912.27,0
554,37,2,31076.69,1,0,1,80009.71,1
668,25,7,122576.96,2,1,0,73237.08,0
540,38,8,112022.28,2,0,0,18271.03,1
650,53,0,0.0,2,0,0,18623.94,0
748,51,6,0.0,2,1,0,178827.25,0
634,46,9,0.0,1,1,0,124783.11,0
646,29,9,0.0,2,1,0,114218.83,0
712,35,0,108542.17,1,0,0,86404.11,1
850,32,2,86089.21,2,1,1,165092.97,0
591,41,2,99456.01,1,1,0,141436.25,0
577,47,1,0.0,2,0,0,97148.02,0
616,26,0,0.0,1,1,1,122532.25,0
664,32,3,0.0,3,1,1,67514.51,0
603,47,9,93840.62,1,0,1,38764.83,1
703,49,0,0.0,1,0,0,74048.76,0
748,25,4,30098.75,1,1,1,40396.06,0
561,37,0,76835.25,2,1,1,34633.1,1
828,50,7,0.0,2,0,1,66595.56,0
541,50,0,87571.14,1,1,0,166439.11,1
708,34,1,93685.1,2,0,1,38823.7,1
687,48,10,0.0,2,1,0,21537.55,1
850,41,0,180221.68,1,1,1,113632.06,1
613,28,2,101891.12,1,1,0,99788.25,1
672,54,0,105761.03,2,1,0,80790.64,1
715,33,9,0.0,2,1,0,89242.93,0
749,36,0,119497.82,2,1,0,120600.27,0
647,22,10,103943.97,1,1,0,38618.34,0
836,33,9,0.0,1,1,0,66073.4,0
553,30,10,117783.28,1,0,1,42457.0,0
578,20,10,113470.51,2,0,1,126621.57,1
667,42,4,167868.26,4,1,1,144224.9,1
579,30,10,117750.6,1,1,0,53000.83,1
517,47,9,65778.43,1,1,1,26532.68,1
792,35,7,98138.71,1,1,0,131100.75,1
742,49,1,0.0,1,0,1,58746.16,0
444,38,7,109588.4,1,0,0,118723.89,0
745,36,5,174225.54,1,0,1,109912.63,0
764,35,0,0.0,1,1,1,23592.49,0
549,29,1,124251.6,3,0,1,176081.18,0
774,33,10,0.0,1,1,1,72809.62,1
509,46,8,126322.31,2,1,1,149869.44,0
602,46,9,93990.59,1,1,1,84598.77,0
634,36,2,113212.08,1,0,1,97402.43,0
696,37,0,142944.55,1,1,0,108665.91,1
687,24,2,0.0,2,1,1,125265.95,0
671,33,0,112632.16,1,1,1,135558.86,0
567,32,1,96029.31,3,1,0,124469.76,1
798,24,9,117348.76,2,1,1,120164.41,0
713,49,7,57834.88,3,0,0,77758.8,0
598,35,10,36814.82,1,1,0,156034.02,1
595,36,6,111738.31,1,0,1,112833.28,1
785,45,3,0.0,1,1,1,87369.91,1
711,28,1,132109.91,2,0,1,124842.54,0
563,44,3,0.0,1,1,1,58889.67,1
612,18,3,119418.48,1,0,1,20897.74,1
748,32,9,0.0,2,1,1,124447.56,0
460,18,6,0.0,2,1,0,15160.51,0
566,50,1,82285.54,2,0,1,90451.21,0
719,45,10,0.0,2,1,1,115603.49,0
532,31,4,0.0,1,0,0,66875.54,0
804,38,9,0.0,1,1,0,46138.67,0
542,29,4,0.0,1,1,1,146073.8,0
517,42,6,86626.74,1,1,1,120054.91,1
522,45,1,0.0,1,1,1,69603.05,0
653,31,3,45686.52,2,0,1,141907.78,1
610,41,10,0.0,2,0,1,103457.56,0
575,29,5,94781.39,1,0,0,107212.36,1
660,34,8,0.0,2,1,0,129864.79,0
572,40,3,117060.58,2,1,0,33830.61,1
674,45,10,81673.35,2,1,1,90032.33,0
712,31,10,131212.43,2,1,1,141795.98,0
684,36,4,0.0,2,0,1,102162.36,0
546,42,5,66179.14,1,1,1,96965.3,0
736,45,10,81900.04,2,0,0,111776.93,1
665,52,3,0.0,2,1,1,32072.79,0
729,36,3,129670.29,1,1,1,100870.94,0
743,57,5,114831.47,2,0,0,167007.98,1
612,30,1,77872.74,2,1,1,177346.91,0
725,46,10,118863.91,1,1,1,68764.62,0
581,54,6,119819.56,1,0,1,38027.29,1
706,56,9,0.0,1,1,0,154763.82,1
494,36,9,132333.49,2,0,1,166476.94,0
715,27,9,0.0,1,0,0,80399.58,0
652,22,1,0.0,1,1,0,121280.55,1
488,33,2,0.0,2,1,1,107522.68,0
682,19,10,0.0,1,0,1,122819.86,0
598,30,9,63387.88,1,0,1,47051.77,0
850,19,2,0.0,1,1,0,125450.68,0
668,41,4,119110.74,1,1,1,173357.58,0
850,49,9,70733.77,1,1,1,25049.8,0
719,36,7,0.0,2,1,0,82477.44,0
567,52,6,134351.5,1,0,0,175862.08,1
679,34,10,83319.07,2,0,0,138912.17,0
673,44,4,59183.21,1,0,0,87410.51,0
732,28,6,139775.03,1,1,1,168449.77,1
500,40,2,0.0,1,1,0,160999.04,1
625,46,0,115706.32,1,1,1,61220.3,1
594,41,4,0.0,2,0,0,151292.73,0
672,48,0,0.0,2,1,1,98827.97,1
669,39,9,64507.45,2,1,1,92832.45,0
681,39,0,0.0,2,1,0,119030.92,0
714,39,7,119687.55,1,1,1,101870.1,0
633,50,6,0.0,2,0,0,80224.84,0
724,42,5,111720.99,1,0,1,178847.92,0
613,42,10,146881.77,4,1,0,37633.87,1
610,40,6,159608.22,2,1,0,60219.48,0
682,49,4,146958.9,2,1,1,159883.37,0
668,18,9,104577.42,1,1,1,33191.44,0
555,31,8,126043.79,2,0,1,122444.38,1
850,38,2,0.0,1,1,0,50985.34,0
556,39,10,79676.55,2,1,0,38808.84,0
503,23,4,0.0,1,0,0,154590.51,0
758,53,2,0.0,1,1,1,73820.25,0
700,39,6,100943.68,1,1,0,25883.92,1
687,32,9,143955.13,1,1,0,95716.05,1
589,52,8,98680.97,1,1,1,48763.37,1
515,47,8,99367.74,1,1,0,47634.58,0
628,23,5,74033.61,1,0,1,40609.15,0
645,18,0,106217.5,2,0,1,136499.8,0
651,29,4,116128.55,1,0,1,26919.26,0
658,46,7,127389.34,3,1,0,69226.06,1
769,46,7,0.0,1,1,1,109569.49,0
544,41,6,0.0,1,1,0,120416.26,1
466,46,9,107802.65,1,1,0,44916.07,1
613,36,8,0.0,1,0,1,126623.63,1
490,50,0,138105.82,1,1,0,76288.58,1
387,46,10,0.0,2,0,1,99838.19,0
796,28,10,81281.7,2,0,0,44657.76,0
667,37,0,70828.53,1,1,1,84426.18,0
589,38,2,110974.51,1,1,1,24341.91,1
612,46,7,106768.0,1,0,0,137399.6,1
817,28,3,0.0,1,0,0,46000.66,0
758,37,0,54296.8,1,1,1,21699.94,0
736,43,5,146547.39,1,1,0,61342.73,1
681,33,0,135674.91,1,1,1,142027.22,0
547,47,9,92334.59,2,1,1,113134.26,0
637,45,7,135120.13,1,0,0,46642.94,0
559,32,8,0.0,1,1,1,152498.94,0
844,37,2,87768.68,1,1,0,95135.46,0
549,40,5,122950.49,3,1,1,43368.66,0
524,37,8,158881.96,2,1,1,58562.32,0
493,27,3,100463.61,1,1,1,171700.37,0
727,30,1,123433.33,1,1,0,126547.15,0
489,55,8,122078.61,1,0,0,118871.05,0
708,33,1,95720.02,1,1,0,97167.06,0
677,43,9,122267.85,2,0,1,159179.7,0
630,32,5,166611.04,1,1,1,63847.54,1
850,18,6,105750.0,1,1,1,47830.87,0
597,58,5,138543.71,2,1,1,97388.4,0
697,29,6,151409.15,1,1,1,86990.71,1
531,38,10,154399.06,2,0,1,136196.31,1
573,29,1,98780.59,2,1,0,84118.8,0
722,33,2,0.0,2,1,0,121022.42,1
575,36,5,0.0,2,1,1,125285.59,0
646,33,5,100787.27,1,1,1,17774.04,1
716,42,8,90988.28,1,1,1,145044.66,0
657,55,3,0.0,1,1,0,128418.73,0
610,34,1,0.0,2,0,0,27591.32,0
655,50,6,0.0,1,0,0,72875.37,1
446,31,8,139880.67,1,1,0,122894.34,1
623,42,4,155700.69,2,1,1,64353.89,0
752,32,4,102725.37,1,0,0,57215.04,0
818,37,10,0.0,2,1,1,20758.97,0
716,37,5,76058.47,2,1,0,90840.06,1
664,50,8,108688.97,2,1,1,15758.48,0
666,44,0,0.0,1,1,0,119559.02,0
576,42,0,0.0,2,1,0,133387.96,0
742,35,10,0.0,2,1,1,53949.33,0
736,46,2,121183.98,2,0,1,169946.75,0
598,47,5,80608.05,1,1,1,40488.96,1
501,39,7,0.0,1,0,0,24162.13,1
691,32,1,0.0,2,1,0,176595.0,0
770,40,5,0.0,1,0,0,55415.67,0
607,24,1,0.0,1,1,0,58819.09,1
675,48,3,47381.59,1,1,0,120241.53,1
689,18,8,112685.44,2,1,0,143265.01,1
744,49,9,161072.02,3,1,0,154424.24,1
699,29,9,0.0,1,1,0,84014.71,0
560,31,8,60581.87,1,0,1,72869.34,0
731,33,1,122889.87,2,1,0,105755.01,0
621,44,3,0.0,2,1,1,72513.52,0
652,32,7,82383.3,1,1,1,118725.83,1
735,46,4,0.0,1,1,0,152847.93,0
473,49,1,0.0,1,1,0,163019.05,0
732,47,3,0.0,1,1,1,126839.94,1
546,28,10,111506.63,1,0,1,86534.18,0
594,51,7,0.0,1,1,1,72972.24,1
766,32,8,122670.25,2,1,1,145499.25,1
765,59,5,92202.18,2,1,0,140709.05,0
571,33,6,66571.14,2,0,0,33447.29,0
551,18,9,85614.93,3,1,1,34345.32,1
503,48,0,0.0,1,1,0,31104.94,0
567,35,0,0.0,1,1,1,162097.11,1
803,27,10,91193.11,1,1,1,37841.96,0
667,27,3,0.0,1,1,1,171333.26,0
554,54,2,0.0,1,1,0,28800.8,1
637,36,3,115436.92,2,1,0,177620.21,1
521,34,8,0.0,2,1,1,85005.63,0
641,39,9,0.0,2,0,0,66545.62,0
717,42,10,129199.96,1,1,0,172535.35,1
514,26,0,113920.25,2,1,0,75145.9,0
733,40,7,0.0,2,0,0,168816.4,0
802,30,0,117508.61,2,0,1,110179.31,0
739,37,2,0.0,1,1,0,85293.23,0
597,38,9,0.0,3,1,1,143632.22,0
740,70,3,0.0,1,1,1,91512.22,1
556,50,9,95678.04,2,1,1,149520.01,0
548,67,4,97134.57,2,1,1,179754.96,1
850,35,2,115730.9,1,1,0,91629.09,1
528,48,7,140894.69,1,1,0,87407.11,1
572,40,10,121610.69,2,0,1,103504.99,0
625,53,0,105133.52,2,0,1,16388.44,0
658,18,5,0.0,1,1,0,29373.69,0
776,24,2,101194.72,1,1,1,148140.44,0
726,20,4,106845.6,2,1,1,79483.04,0
780,46,6,0.0,1,0,0,115901.66,0
724,29,5,0.0,2,0,1,75400.7,0
678,41,4,141566.78,1,1,1,139203.78,1
516,41,1,82129.31,1,0,1,20661.79,1
664,35,6,125623.41,2,1,0,114310.75,0
579,47,6,0.0,2,0,1,41031.27,0
580,35,2,0.0,1,1,1,56321.03,0
622,48,4,0.0,2,0,0,112138.46,0
850,31,2,114643.85,1,1,1,46790.56,1
746,42,1,0.0,3,0,0,112707.2,1
749,44,1,125098.48,2,0,1,17372.66,0
546,22,3,36546.78,2,1,0,15757.5,0
649,39,6,0.0,1,1,0,17225.42,0
628,34,10,71067.08,4,1,1,105835.38,0
678,30,3,129362.88,1,0,1,132567.85,0
730,62,1,0.0,2,1,0,36726.6,0
636,46,4,142924.67,3,1,1,82829.79,1
661,49,2,127344.08,2,1,1,94129.89,0
713,56,9,48280.65,2,1,0,41901.19,0
689,45,2,58004.4,2,1,1,88902.58,0
727,32,0,37888.65,1,1,1,57044.61,1
387,52,5,127864.79,1,1,0,107148.74,1
555,28,4,0.0,1,1,1,121406.38,0
635,25,10,0.0,1,1,1,49248.72,0
552,41,0,115353.2,1,1,1,15635.0,0
545,44,4,0.0,1,1,1,45179.72,0
403,31,1,87961.99,2,1,0,73565.85,1
713,33,6,88534.53,2,1,0,128886.21,0
618,30,10,79379.69,2,0,1,163980.82,1
560,42,4,0.0,1,0,1,109492.83,0
814,37,0,139455.75,1,0,1,33720.33,0
604,33,10,116359.07,1,0,1,155222.25,1
732,37,1,0.0,1,1,1,43285.26,0
672,48,10,0.0,3,1,0,54051.86,1
709,37,6,70670.77,1,1,0,71401.54,0
452,36,4,0.0,2,0,0,125053.19,0
634,34,7,101085.94,1,0,1,152069.54,0
607,53,9,67617.44,1,1,0,101446.47,1
715,43,8,128955.79,1,0,0,163032.77,1
850,50,10,138626.45,1,1,1,33368.91,1
796,41,4,167972.06,2,0,0,121881.67,0
773,22,7,0.0,1,0,1,118232.34,0
508,33,9,155155.27,3,0,0,140422.43,1
670,39,0,0.0,1,0,0,64040.85,0
626,50,2,0.0,2,0,1,179462.91,0
513,18,0,85096.2,2,1,0,111551.32,0
680,44,0,0.0,1,1,1,91718.07,0
746,49,4,162563.48,2,1,0,121859.7,0
681,27,8,126388.62,1,0,0,175264.56,1
738,23,0,125623.78,2,0,0,18419.03,0
779,69,5,111155.86,1,1,1,146576.91,1
613,37,4,0.0,2,1,0,70527.39,0
837,30,9,0.0,2,0,0,31038.52,0
567,39,3,106050.01,2,1,1,25341.3,1
628,47,8,125283.11,1,1,0,84805.54,1
645,30,3,0.0,2,1,1,171981.8,0
607,51,8,0.0,2,0,1,88189.86,0
505,21,6,131367.56,1,0,1,43161.32,0
751,36,0,104952.87,2,0,0,161483.43,1
828,38,4,110134.39,1,1,1,121290.87,0
698,52,9,122066.03,2,1,0,152754.23,1
660,36,10,99817.59,2,1,0,91110.11,1
614,36,2,111121.0,2,0,1,62422.97,0
694,34,8,0.0,1,0,0,24256.47,1
706,18,7,0.0,1,0,0,21534.83,0
632,32,7,140004.08,1,1,0,81455.66,1
592,60,7,157418.74,2,1,0,141802.68,0
404,36,0,124747.81,2,1,0,72329.49,0
646,45,5,0.0,2,1,0,16471.89,0
785,34,9,84484.57,1,1,0,175294.83,0
655,40,3,0.0,2,1,0,114338.6,0
501,35,9,135342.37,1,1,1,164099.87,0
571,29,1,123283.05,1,1,0,140064.67,0
496,42,9,87620.49,1,1,0,73701.08,1
451,30,7,111167.86,2,0,1,81518.27,1
794,47,6,0.0,2,0,1,151039.32,0
666,44,3,0.0,1,1,0,42795.72,0
694,30,7,119395.53,1,0,0,130849.79,0
438,30,0,119684.42,2,1,1,149804.18,1
702,50,4,137616.15,2,0,0,65373.08,0
717,48,0,0.0,2,1,1,141231.06,0
770,34,3,0.0,2,1,1,114752.58,0
549,36,10,56356.17,1,0,1,172507.54,0
526,34,8,98866.93,2,1,1,70038.88,1
772,51,3,101251.24,1,1,0,86322.47,0
711,46,4,108593.75,2,1,0,101714.32,0
621,42,0,139254.03,2,1,1,122845.78,0
722,28,4,0.0,2,1,0,174633.23,0
818,27,3,0.0,2,0,0,19048.87,0
679,47,9,85868.56,2,0,1,159425.41,0
700,54,5,86325.6,1,1,0,142284.99,0
740,18,1,0.0,2,1,1,175472.93,0
721,21,2,141405.64,2,1,1,116405.11,0
636,44,5,0.0,3,1,0,155723.87,0
658,35,2,114361.54,3,1,1,150634.56,1
469,28,0,165936.5,2,0,0,133414.2,0
523,44,2,151986.99,1,0,1,144571.21,0
850,24,8,108985.6,1,1,1,78689.28,0
591,47,2,0.0,2,0,0,125595.88,0
485,33,9,102120.96,2,0,1,38609.63,0
779,54,9,0.0,1,1,0,44505.56,0
822,35,10,139749.74,2,1,1,32148.56,0
523,47,1,116157.69,1,0,1,118545.48,0
653,33,5,77043.04,2,0,1,63105.07,1
628,28,3,0.0,2,1,0,144812.01,0
620,32,9,105108.34,1,1,1,172703.63,1
569,38,2,97993.17,2,1,1,149425.37,0
570,22,3,0.0,2,1,0,138334.39,1
602,49,1,56149.63,2,1,1,55250.02,0
703,37,8,125677.12,2,1,1,71472.9,0
631,18,6,0.0,1,1,1,19679.57,0
672,23,9,86534.81,1,0,1,80567.76,0
664,26,8,127464.4,1,0,1,20765.52,0
631,26,7,152130.42,2,0,1,48813.47,0
587,39,9,122331.56,1,0,1,164558.47,1
567,36,7,68205.06,2,1,0,45327.19,1
614,41,8,105914.9,1,0,0,100693.75,1
648,30,2,61458.94,2,1,1,90396.57,0
512,47,10,116621.28,1,0,1,164308.7,0
574,30,10,107734.1,3,1,1,102643.9,1
744,29,2,0.0,1,1,0,18677.97,0
571,42,9,0.0,2,1,1,101816.17,0
661,27,6,94756.29,2,0,1,107613.0,0
513,47,7,0.0,1,1,1,29897.79,1
771,53,4,0.0,2,1,1,138811.81,0
779,47,4,162750.28,2,1,1,178014.08,0
674,29,3,116395.47,1,0,0,92775.9,1
662,32,4,106443.09,2,0,0,28209.63,0
694,43,10,0.0,2,1,0,41153.31,0
636,35,2,0.0,2,1,1,16646.24,0
581,51,6,0.0,2,1,0,19873.43,1
732,51,2,106291.5,1,0,1,117389.47,0
580,49,10,77144.73,2,1,0,135432.55,1
690,54,5,100317.02,2,1,0,32807.38,0
772,29,3,152268.29,1,1,1,25191.97,0
535,31,5,161418.87,1,1,0,71620.77,1
636,43,9,0.0,1,0,1,144099.9,0
651,56,1,0.0,1,0,0,24539.6,0
442,28,5,100092.12,1,0,0,63879.6,1
602,35,9,0.0,2,1,1,172755.11,0
656,42,3,116207.56,1,1,1,173019.73,1
526,37,7,116432.54,1,0,0,75494.13,1
746,18,9,45065.31,1,0,1,66505.02,0
810,32,9,115544.91,1,1,0,111954.26,0
792,33,5,0.0,2,1,0,91712.61,0
850,34,2,0.0,1,0,0,44754.6,0
621,27,9,86239.7,2,1,1,110765.9,1
764,35,3,93138.45,1,1,1,104696.66,0
682,18,0,107368.43,2,1,0,41704.48,0
531,28,1,0.0,2,1,1,55778.34,0
559,32,7,109608.66,2,0,0,18772.51,0
611,37,7,162678.94,2,1,0,80793.06,0
479,45,0,170610.57,2,1,1,144553.32,0
647,31,7,109886.54,2,1,1,149841.85,1
653,43,5,136023.88,1,1,1,100553.6,0
850,34,8,73505.85,1,1,1,104333.41,0
679,24,7,165378.9,1,1,1,66332.68,0
783,39,2,0.0,2,1,1,111176.92,0
703,42,4,107674.44,1,1,1,102469.47,1
584,52,7,103240.67,1,0,1,89970.21,0
556,37,0,0.0,2,1,0,75126.86,0
594,41,7,0.0,2,1,1,86781.21,0
617,49,4,139723.58,2,0,1,168693.16,0
761,39,6,78206.71,2,0,1,127035.12,0
770,22,1,101493.26,2,1,1,121179.1,0
612,31,8,0.0,1,1,0,27440.04,1
626,45,4,0.0,2,0,0,156182.8,0
573,37,3,116630.39,2,1,0,57523.04,0
631,42,5,138764.39,1,1,1,65278.39,0
676,49,6,152420.34,3,1,1,170528.28,1
596,40,6,0.0,1,1,0,92817.77,1
663,39,4,194724.1,1,1,1,173742.71,0
588,36,5,106680.99,2,1,1,34545.13,0
779,40,1,0.0,1,1,1,43942.32,0
672,36,0,0.0,1,0,1,75183.64,1
595,43,5,90056.69,1,1,1,43280.27,0
786,35,8,92653.18,1,1,0,84721.76,0
481,38,3,63958.48,2,1,0,88677.5,0
637,18,0,79680.63,2,1,1,176961.54,0
798,36,1,0.0,2,1,0,76732.46,0
769,29,8,128665.54,2,1,0,48114.48,1
727,31,1,151292.09,1,0,0,37794.55,1
646,35,8,107516.54,1,1,0,83851.09,1
749,35,10,0.0,1,1,1,114576.62,0
721,47,4,0.0,1,0,0,104189.99,0
755,41,10,0.0,2,1,1,62482.54,0
551,36,1,138898.9,2,1,1,130264.36,0
758,28,0,79659.63,2,1,1,145820.33,0
561,18,9,0.0,1,1,1,120236.31,0
526,38,1,127119.31,1,1,0,51562.28,1
649,56,6,128797.23,1,1,0,154538.36,1
643,25,4,0.0,2,0,1,111705.72,0
774,48,1,0.0,1,0,1,26879.98,0
629,33,0,90004.2,1,1,0,65895.38,0
681,30,10,85838.32,1,0,0,170694.16,1
552,53,7,0.0,1,0,0,154161.94,0
530,45,0,0.0,1,1,1,15341.12,1
614,32,4,0.0,1,1,1,93092.28,1
706,42,4,0.0,1,0,0,171512.62,0
850,29,8,92414.48,1,1,1,132511.9,1
547,48,2,103532.57,2,0,1,51484.45,0
825,53,8,139359.12,2,1,1,68633.33,0
622,30,3,115286.5,3,1,0,83179.13,1
787,52,4,108354.16,1,0,0,40605.66,1
507,35,4,0.0,1,1,1,148353.29,0
675,40,10,88297.34,1,1,0,59436.62,1
665,47,4,0.0,2,1,1,22383.99,0
606,42,5,75971.53,1,1,0,106341.68,1
623,24,2,0.0,1,1,1,124193.49,0
649,35,8,72517.99,1,1,0,20596.27,1
662,33,0,116826.11,2,1,0,99629.54,0
466,41,3,102592.6,1,1,0,21627.87,1
528,45,8,0.0,2,0,1,162592.64,0
564,57,4,160557.24,2,0,1,25524.18,0
382,50,7,104169.93,1,0,1,22252.96,1
516,34,5,106460.53,3,1,1,164775.48,1
721,38,7,69892.23,1,1,1,129244.78,1
679,49,7,0.0,1,1,0,151684.36,0
560,36,2,128500.59,2,1,0,142765.49,0
740,18,10,158325.49,2,1,0,166491.64,0
649,33,4,101623.02,2,1,0,58244.19,0
559,32,5,143808.16,1,0,1,31783.55,0
710,39,7,108286.25,1,1,0,178765.44,1
778,30,6,71019.56,1,1,0,67843.4,0
615,28,7,123887.37,1,1,1,129870.96,0
720,32,6,0.0,2,1,1,178692.99,1
678,26,1,0.0,2,1,0,80368.8,0
681,53,6,146158.82,2,1,1,145304.41,0
528,45,0,69109.2,1,1,0,20304.13,1
518,20,2,0.0,1,1,0,36221.95,0
542,36,3,70826.63,2,0,0,112720.67,0
680,49,3,82352.5,3,1,0,132954.83,1
643,44,9,0.0,2,0,0,159894.23,0
631,40,4,133915.05,2,1,0,89796.8,0
774,37,5,131564.63,2,1,0,110962.81,0
797,30,2,42743.87,2,1,0,21716.77,0
468,25,3,159635.15,2,1,0,67512.53,0
443,38,0,0.0,2,1,1,34983.64,0
605,40,6,133994.81,2,1,0,148995.19,1
692,44,1,0.0,1,1,1,119324.42,1
705,46,1,106788.94,2,1,1,168159.67,0
624,44,5,112716.23,1,1,1,157489.9,0
444,21,0,0.0,2,0,0,58213.15,0
831,23,10,145337.43,2,0,1,112170.69,1
583,47,1,148028.23,2,0,0,17434.8,1
684,47,9,79191.18,1,1,1,131281.97,1
652,29,6,110057.9,2,0,1,74086.36,0
618,29,1,88800.97,2,1,1,86148.51,0
757,39,6,134891.01,1,1,1,85214.47,0
771,23,8,0.0,1,1,1,170667.58,0
518,30,2,123442.86,2,1,0,151351.04,0
401,43,6,99403.35,1,0,1,117369.15,0
586,34,8,0.0,2,1,1,25565.75,0
683,43,10,73472.86,2,1,1,84912.71,0
676,25,6,0.0,2,1,1,93676.61,0
684,46,9,0.0,1,1,1,144133.44,0
758,58,4,132116.62,1,0,1,130702.55,1
748,30,1,125587.65,1,0,1,47974.79,0
607,44,7,0.0,1,1,1,140434.72,0
516,25,1,107460.28,2,1,0,85495.62,0
576,28,9,109723.38,2,1,0,138196.35,1
764,45,7,0.0,2,1,0,80667.21,1
581,37,9,152230.53,1,1,1,118004.85,1
759,31,7,104257.6,1,0,1,107906.63,0
715,39,3,135807.67,2,1,0,36195.78,0
850,24,7,151618.55,2,1,0,138659.32,0
648,37,10,0.0,1,1,0,179942.08,0
425,51,4,0.0,2,0,1,91822.61,0
843,45,4,137789.33,1,1,0,47330.56,1
653,46,6,0.0,1,0,1,47923.04,1
638,41,9,83751.48,1,0,0,159055.64,0
788,53,9,0.0,2,1,0,155167.34,0
616,22,4,0.0,2,1,0,118687.64,0
546,28,4,0.0,1,0,1,81207.44,0
616,46,6,108373.71,2,1,1,65701.86,1
705,56,2,76636.52,2,0,0,174451.4,1
612,44,9,0.0,2,1,0,42006.03,0
825,31,3,40608.96,1,1,1,51988.82,0
556,36,3,133364.7,1,1,1,79217.69,1
574,38,4,158174.99,2,0,0,123305.29,0
517,57,0,88445.41,1,1,0,160331.85,1
834,55,5,146084.18,2,0,1,21490.0,0
816,50,7,95052.12,1,1,0,48741.64,1
620,50,8,114104.51,1,0,1,97573.69,1
564,19,3,64049.31,2,1,1,43439.37,0
477,26,9,0.0,2,1,0,30146.54,0
789,38,8,110471.05,1,1,1,167686.98,0
710,36,1,170584.03,2,1,1,79985.53,0
712,53,4,0.0,2,1,0,53540.58,0
613,47,2,83002.98,1,1,0,110865.03,0
766,42,7,124212.35,2,1,0,97609.06,0
652,43,3,74038.46,1,1,1,32650.32,0
534,37,10,0.0,1,1,0,123978.79,0
561,37,5,125119.78,1,1,1,100028.48,1
675,32,5,112453.2,2,1,0,64673.35,0
517,39,8,0.0,2,0,1,21485.43,0
700,26,3,0.0,1,0,0,104109.17,0
557,48,3,152126.93,1,1,0,61168.45,0
603,35,8,112886.92,1,1,1,150791.24,0
597,38,10,0.0,1,1,1,160287.2,0
617,30,7,111498.46,2,1,1,114840.51,0
700,24,5,114673.36,1,1,1,19436.36,0
521,36,0,128226.99,2,1,1,129803.86,0
584,37,6,0.0,2,0,1,93451.72,1
515,35,3,89685.57,1,1,0,115269.44,0
599,53,10,142852.63,1,1,0,97213.69,1
551,36,0,132349.45,2,1,1,23858.34,1
662,31,10,121818.89,1,0,1,138163.32,0
692,44,10,141538.69,1,1,1,58658.78,0
835,38,8,99770.45,2,0,1,174131.73,0
602,58,10,0.0,1,1,0,106639.59,1
778,39,2,133128.3,2,1,0,81853.19,0
596,32,2,0.0,2,0,0,107820.51,0
583,43,10,0.0,2,1,0,145497.94,0
709,43,0,104781.68,2,1,1,88004.96,0
747,18,8,133048.9,1,1,1,106069.69,0
754,42,6,0.0,2,1,0,104270.87,0
699,25,6,0.0,2,1,0,173530.66,0
663,39,10,0.0,1,0,0,106041.82,1
819,41,3,82447.9,1,1,1,31426.58,0
602,44,3,115023.48,2,1,1,94195.62,1
566,30,0,166914.01,1,1,1,15366.08,1
587,56,10,92338.2,1,1,0,96673.03,0
524,28,5,125059.01,1,1,0,70634.11,1
583,18,4,0.0,2,1,0,28818.66,0
802,43,10,125407.8,1,0,0,164848.25,0
492,29,8,77585.23,2,1,0,156728.24,0
818,25,1,164058.86,1,1,1,18797.03,0
499,45,8,0.0,1,1,1,52063.89,0
752,28,9,111841.9,1,1,0,36697.04,0
385,41,4,110076.09,1,0,1,96549.73,0
817,35,1,0.0,1,0,1,91180.04,0
582,28,6,133952.69,2,1,1,122345.15,1
668,21,9,0.0,2,1,0,120264.88,0
641,18,6,83462.96,1,1,1,151249.08,1
616,55,0,120939.17,1,0,0,64244.95,1
798,48,7,66622.41,2,1,1,74308.05,0
752,41,1,93616.84,3,1,0,61909.85,1
644,41,2,118236.78,1,1,0,160947.15,0
695,43,2,89430.31,1,1,1,144267.2,1
741,40,8,119943.15,1,1,0,49396.4,1
620,49,10,100275.65,2,1,1,89038.08,0
732,37,3,84582.46,2,0,0,103625.53,0
752,47,0,112159.88,2,1,1,122409.99,0
592,22,3,0.0,1,1,0,174508.05,0
538,29,6,117652.77,2,1,1,40036.65,0
682,35,6,99609.11,1,0,0,35062.88,1
563,49,3,100515.71,2,1,1,129575.2,0
691,47,7,121983.96,2,0,1,17878.98,0
623,29,4,0.0,1,0,0,32726.08,1
747,33,6,55269.5,1,1,1,141219.09,0
738,30,5,66294.6,1,1,1,115300.51,0
850,34,2,108080.84,2,1,1,30928.1,0
771,39,4,0.0,1,1,0,20604.88,1
701,40,8,77246.26,1,1,0,143622.71,0
591,37,9,91387.37,1,1,1,169462.95,1
552,56,3,109290.63,3,1,1,30153.93,1
701,31,1,0.0,1,0,1,49478.2,1
777,56,7,0.0,2,0,0,110812.15,0
736,28,5,0.0,2,0,1,122449.09,0
637,30,7,115069.23,1,1,0,172379.29,0
596,39,3,112061.39,1,1,1,139485.71,1
762,66,7,101126.13,2,1,1,113987.74,1
675,34,4,0.0,1,1,1,144576.15,0
478,39,5,161256.4,1,1,0,60302.34,1
799,18,2,78046.2,1,1,1,104007.3,0
436,40,10,116927.25,1,0,1,172622.35,1
575,33,8,0.0,1,1,0,128105.5,0
610,44,7,0.0,1,1,0,34656.11,1
708,51,0,117198.8,2,1,0,55909.22,1
598,30,0,136196.83,1,1,1,106153.01,1
583,23,1,0.0,2,1,1,177937.59,0
647,56,3,105956.26,1,1,1,67869.01,1
760,34,5,145630.02,2,1,0,159263.81,0
617,40,4,90468.6,2,1,0,41694.44,0
850,30,1,89993.9,2,1,1,138313.93,0
676,35,3,91433.22,2,1,1,16915.27,0
602,28,7,98388.54,2,1,0,28922.91,0
608,40,9,0.0,2,1,1,154567.26,0
585,36,3,136748.83,2,0,0,165185.66,0
714,49,4,101365.52,2,1,0,110535.14,1
622,22,3,0.0,2,1,1,94451.37,0
634,42,2,0.0,2,1,0,117469.48,0
589,30,6,74588.32,1,0,0,135950.04,0
825,34,6,112273.36,2,1,0,78421.71,0
466,32,8,122365.33,2,1,1,68930.86,1
617,58,1,74103.36,2,1,1,62878.0,1
687,45,2,117654.15,1,1,0,163122.66,1
680,45,1,133210.33,2,1,0,168585.11,1
653,48,3,0.0,1,0,1,136181.51,0
722,36,10,118916.99,1,1,1,76862.18,0
674,30,4,0.0,2,1,1,20568.86,0
630,36,3,102908.66,1,0,1,92642.19,0
550,30,2,114216.42,1,1,0,140674.78,1
682,35,5,0.0,3,0,0,165131.57,0
544,43,2,0.0,1,1,0,138863.94,0
455,55,6,111592.34,1,0,0,134692.77,0
742,42,3,0.0,2,0,1,109453.01,0
624,50,9,126465.28,2,1,1,28193.08,0
603,49,2,101748.04,2,0,1,173171.81,1
631,45,0,100732.97,2,1,0,113345.73,0
636,44,9,0.0,1,0,1,121526.75,0
619,19,7,134768.88,1,1,0,78307.56,1
632,37,2,0.0,1,1,1,61672.84,0
673,32,4,0.0,2,0,1,29610.26,0
637,55,3,106493.02,2,1,1,166579.46,1
701,35,7,118938.69,1,1,1,172357.75,0
850,55,7,0.0,1,1,0,134925.04,0
745,18,5,131093.11,1,0,1,56607.87,0
696,46,10,0.0,2,1,0,127851.24,0
660,46,7,64882.82,4,1,1,36756.35,1
687,39,5,141583.74,2,0,1,53279.33,1
727,35,7,0.0,1,1,1,65636.61,0
694,44,1,0.0,1,1,1,113663.44,0
764,54,10,106768.35,1,1,0,93458.98,1
755,34,8,0.0,1,0,0,179605.97,0
631,36,3,0.0,2,0,0,32020.55,0
605,40,10,123076.13,1,1,1,135674.86,1
698,33,2,146539.76,3,1,1,148107.13,0
812,48,8,147636.07,1,1,1,102225.87,0
546,52,8,0.0,2,1,1,72651.68,0
694,45,3,73048.47,1,1,1,125170.46,1
645,41,10,73597.24,2,1,0,43166.31,0
636,42,5,138871.97,1,1,1,139539.45,1
629,19,2,131255.46,3,1,0,65297.51,1
800,29,0,129764.94,3,1,1,167527.13,0
754,21,9,134339.32,2,1,0,109940.91,1
665,49,4,127484.27,2,1,1,138890.39,0
601,25,2,70958.0,1,0,1,129787.27,0
739,39,9,110496.97,2,1,1,98507.93,0
685,55,3,101634.86,2,1,0,57260.03,1
609,46,8,112436.13,2,1,0,179401.49,1
611,39,2,75676.31,2,1,0,79859.54,1
675,30,8,101883.57,2,0,1,69042.02,0
491,31,5,0.0,2,1,0,164284.86,0
636,40,1,120264.85,1,1,0,107193.07,0
623,42,7,132871.9,1,0,0,23024.89,0
596,36,9,0.0,2,0,0,173611.03,0
717,27,9,151001.58,1,1,0,35666.96,1
577,21,1,0.0,1,1,0,161067.01,1
673,34,3,142862.19,1,1,1,93807.68,1
612,31,1,112138.32,1,1,0,36516.72,1
612,50,4,109103.26,1,1,1,73928.5,1
603,52,10,0.0,1,0,1,133921.99,1
850,18,6,0.0,2,0,1,62537.66,0
659,39,1,139837.38,1,1,1,126588.53,0
570,63,5,116199.45,1,1,1,86130.95,1
495,52,2,119536.44,2,1,1,136115.17,0
507,34,3,111156.28,1,1,0,140760.95,1
555,48,5,143032.13,1,1,0,59685.26,1
603,39,10,174663.11,2,0,1,59404.91,0
630,40,6,60572.17,2,1,1,32186.62,0
751,55,7,162275.05,2,1,0,132024.73,1
603,29,2,96389.63,1,1,0,158112.82,1
686,49,2,104425.5,1,0,0,56366.96,1
647,30,5,0.0,1,0,1,124992.84,0
708,43,7,0.0,2,1,1,59547.72,1
698,36,2,89659.31,2,1,0,139220.51,0
652,38,0,0.0,2,0,0,43005.28,0
640,63,2,122537.27,1,1,0,29823.05,1
838,30,7,82903.51,2,1,1,38524.09,0
660,54,10,64318.46,1,0,0,27828.66,1
540,30,6,130427.04,1,1,1,152767.36,0
594,38,5,93814.5,2,1,1,129020.32,0
489,50,5,0.0,1,1,1,159216.52,1
587,38,7,131791.75,1,0,0,177249.62,1
508,40,1,0.0,1,0,0,28114.77,0
748,37,5,0.0,2,1,1,22605.38,0
850,38,7,79598.06,1,1,1,19106.61,0
676,46,10,76711.06,1,1,0,166698.69,1
576,45,9,107013.75,1,1,0,106296.7,1
578,31,5,0.0,2,1,0,67644.98,0
527,45,10,94804.44,2,1,1,98883.58,0
516,41,6,141484.97,2,1,0,43317.19,0
625,46,10,44614.77,2,1,1,74251.31,1
747,44,2,97619.79,2,1,1,131644.72,0
611,44,2,118803.64,1,1,1,91943.38,0
479,33,3,0.0,1,0,0,51694.7,0
850,30,3,0.0,1,0,1,109989.04,0
467,45,1,70894.97,1,0,1,45763.76,1
708,40,3,0.0,2,1,1,120675.28,0
833,50,0,142961.8,1,1,1,88163.4,1
765,48,0,143037.44,1,1,0,58601.76,1
726,54,8,73820.81,1,1,0,27169.17,1
460,35,2,0.0,2,0,1,165269.46,0
728,35,6,0.0,2,1,1,95770.44,0
581,39,8,0.0,1,1,1,21789.96,0
648,29,7,106465.24,2,1,1,80928.28,0
511,45,4,0.0,1,1,1,160277.16,0
529,60,7,188073.72,1,0,1,35554.64,1
552,46,3,103610.46,2,0,1,97212.72,1
834,51,7,114582.62,1,1,0,75917.96,1
563,32,7,163000.44,2,1,1,62108.57,0
517,47,2,118391.32,1,0,0,46603.19,1
418,41,8,97807.15,1,1,0,25306.75,1
824,23,10,85299.83,1,1,0,86477.84,1
715,37,4,0.0,2,0,0,119444.07,1
597,30,0,131634.21,1,0,1,47357.32,0
414,53,8,57148.28,2,1,0,142839.42,0
546,18,1,122179.53,1,0,1,29594.65,0
573,32,8,0.0,2,1,0,81459.42,0
846,39,7,100238.62,2,0,0,90907.45,0
564,29,6,186653.07,1,1,1,37138.95,0
713,51,4,92215.02,2,0,1,82351.38,1
484,49,5,0.0,1,0,0,43288.97,0
615,42,6,58244.85,2,1,0,74985.64,0
748,33,9,127734.41,3,0,1,141383.15,1
590,28,3,0.0,2,1,1,132331.79,0
513,41,10,104100.97,2,1,0,94453.52,0
722,43,4,0.0,1,0,0,80308.36,0
706,41,8,92454.72,2,1,0,58595.97,1
678,37,8,0.0,1,1,0,45150.77,1
758,42,2,0.0,1,1,1,51595.94,1
604,34,4,147519.78,2,1,1,121952.75,0
686,42,10,118466.7,1,0,0,138572.21,1
541,41,3,0.0,1,1,0,155520.73,1
624,36,2,0.0,1,0,0,126396.29,0
656,28,10,67912.7,1,1,0,107580.76,1
441,32,6,0.0,2,1,1,155009.17,0
592,42,9,83378.36,3,1,1,128635.59,1
717,43,6,0.0,2,0,0,70467.1,0
496,47,1,0.0,1,1,1,95711.32,0
581,37,3,141193.84,1,1,1,137939.59,0
660,30,3,162655.13,2,1,1,172534.07,0
850,25,3,106756.82,1,0,1,19231.69,0
744,39,9,108899.84,2,0,0,50270.45,1
597,61,5,45928.47,1,1,1,155919.48,1
499,30,10,0.0,2,0,1,79742.94,0
615,40,0,134389.83,1,1,1,33895.3,0
653,30,3,101981.64,2,1,0,129802.1,1
755,50,9,0.0,3,1,0,19960.04,1
598,37,4,0.0,1,1,1,43042.51,0
730,57,7,129382.83,1,1,1,132807.26,0
756,40,1,0.0,2,1,0,156285.94,0
627,35,2,94134.26,2,1,1,69160.01,0
725,36,6,0.0,1,1,1,142002.01,0
614,18,6,0.0,2,1,1,154880.02,0
652,37,10,90520.06,2,1,1,133618.28,0
504,46,7,0.0,2,1,1,142079.81,0
654,33,4,104849.97,2,0,0,60114.77,1
732,39,6,0.0,1,1,0,133390.25,1
705,30,6,0.0,1,1,1,55681.71,0
626,37,4,125920.42,2,1,0,59434.56,0
747,31,6,103488.68,1,1,1,77598.38,0
593,48,10,0.0,1,0,1,37584.55,0
627,28,10,89739.17,1,1,1,67526.73,0
518,36,5,152977.85,2,1,0,158416.13,0
715,70,8,160056.96,1,0,0,106527.99,1
608,41,5,0.0,1,1,1,99178.05,1
672,37,10,130363.65,2,1,0,158097.64,0
668,31,10,134005.44,2,1,0,73568.42,0
649,35,8,0.0,2,0,1,42193.97,0
679,36,1,0.0,1,0,0,81855.42,1
722,52,1,0.0,1,0,1,59201.62,0
641,51,3,0.0,1,1,0,123668.76,0
703,54,0,62792.45,1,0,1,124854.66,0
666,24,3,0.0,2,1,1,171421.82,0
706,36,8,112283.56,2,0,0,132987.69,1
626,20,9,0.0,1,1,1,46749.19,0
749,67,0,104249.56,3,1,0,35933.53,1
710,42,1,101234.44,2,0,1,176023.34,1
569,28,3,102308.71,2,1,1,134655.35,0
634,32,10,116015.1,2,1,0,110365.22,1
578,49,3,99238.16,1,1,0,149437.64,1
478,18,7,112457.72,1,1,1,156369.57,1
629,26,1,0.0,2,1,0,73840.57,0
777,29,1,82393.4,2,1,0,131574.03,0
715,18,10,0.0,2,0,0,60117.21,0
649,45,8,0.0,1,1,1,167789.17,0
691,28,5,0.0,3,0,0,148673.86,0
713,34,5,105445.51,3,1,0,170521.22,1
767,46,10,85533.72,1,1,1,80349.23,0
730,40,8,121875.96,1,0,0,66405.93,1
850,49,6,131386.33,1,1,1,127372.43,1
761,58,4,0.0,1,1,1,137071.66,0
483,40,6,0.0,1,1,1,170613.63,0
662,38,5,106193.1,2,1,1,22856.32,0
749,51,10,95188.29,3,1,1,153346.5,0
630,18,1,0.0,2,0,0,154859.47,0
500,31,1,0.0,2,1,0,102559.09,0
654,39,2,0.0,1,1,0,66605.55,0
591,19,8,0.0,1,0,0,54556.25,0
435,42,9,112411.42,1,0,1,61264.68,1
637,50,2,120201.36,1,1,1,76551.82,1
753,33,4,36933.73,1,1,0,143076.14,0
718,25,6,0.0,2,0,1,64323.55,0
717,36,4,62093.95,2,1,1,34841.68,0
666,37,0,92601.71,2,0,1,109031.89,0
548,24,7,162598.61,2,1,0,71512.78,0
768,18,5,91477.61,1,1,0,15155.84,0
628,26,1,86158.86,3,1,1,173059.71,1
591,18,1,122942.61,1,0,1,113806.99,0
667,31,7,0.0,1,1,1,94037.23,0
816,42,10,80164.27,3,1,0,131305.19,0
699,48,8,0.0,2,1,0,120877.15,1
684,54,1,100844.17,1,1,1,121853.48,0
563,31,6,105009.06,2,1,1,134294.33,1
838,25,7,113470.67,2,1,0,133101.82,0
737,37,0,86332.51,1,0,0,45396.97,0
807,18,8,93180.0,1,1,0,120331.49,0
827,29,7,144777.37,1,1,1,160728.4,0
536,45,4,83443.78,2,1,0,178190.22,0
736,24,8,107026.9,1,1,1,40617.83,1
726,27,7,131830.41,1,1,0,38188.82,0
476,31,8,94129.79,2,0,1,21651.47,0
685,33,6,115776.89,2,1,1,128770.26,0
606,64,8,107325.68,1,1,1,178816.56,1
458,32,1,121304.31,2,0,1,145512.86,0
726,39,9,0.0,1,1,0,80705.34,0
631,38,5,0.0,2,0,1,27870.74,0
644,34,10,120840.98,1,1,1,153858.58,0
722,33,2,121231.09,1,1,0,96162.34,0
657,45,5,0.0,3,1,0,98878.53,0
693,43,2,0.0,2,1,0,85010.12,0
530,35,4,0.0,2,1,0,128296.32,0
726,51,5,106197.72,1,1,1,136644.21,0
615,41,10,108970.96,1,1,1,172462.85,1
551,32,6,129116.48,2,1,0,156984.72,1
615,44,5,156236.83,2,1,0,135616.84,1
722,46,10,0.0,2,0,1,152161.12,0
509,28,10,0.0,2,1,1,88313.83,1
715,38,5,0.0,2,0,1,174407.23,0
613,36,4,0.0,1,0,1,179037.37,1
829,63,1,0.0,2,0,1,175617.79,0
719,45,9,105323.19,2,0,0,26149.61,0
681,34,3,86965.46,1,1,1,179122.61,0
728,42,5,0.0,2,0,1,37421.85,0
599,58,5,0.0,1,1,1,164222.54,0
695,26,2,127789.89,2,1,0,142773.06,1
631,46,7,132950.84,1,1,1,140674.9,0
596,48,4,158178.2,2,1,1,75534.22,1
674,34,7,74869.91,1,0,1,127262.53,0
638,49,2,99671.91,2,0,0,152658.46,1
779,34,3,69789.88,2,1,1,108563.6,0
680,41,8,168264.35,2,1,0,154270.98,0
683,46,5,212636.57,2,0,1,118610.1,0
633,34,9,148725.25,2,1,1,146236.54,0
774,37,2,0.0,1,1,1,176538.34,0
470,47,5,0.0,1,1,1,25995.8,0
471,34,8,67485.5,2,1,1,129218.03,0
536,21,10,137788.27,1,1,1,106460.42,1
651,25,1,108086.56,1,1,1,27320.57,0
459,52,2,0.0,1,1,0,65588.82,1
547,38,2,0.0,3,1,0,38029.33,1
715,46,9,0.0,2,1,1,27753.35,0
701,34,9,115534.74,2,0,0,98818.83,1
508,18,4,112089.81,1,1,0,169035.06,1
717,31,2,0.0,2,1,1,66548.93,0
798,25,2,108979.95,1,1,1,166944.68,1
850,38,8,87218.53,2,0,1,127452.53,0
667,48,1,0.0,1,1,0,173878.89,1
678,37,1,118587.89,2,1,1,67628.94,0
640,22,0,124607.39,4,1,1,42319.78,0
813,33,8,156298.23,2,0,0,123986.71,1
700,39,5,92178.61,2,1,1,104037.14,0
559,38,2,116603.69,1,0,0,93354.79,0
731,32,7,145265.87,2,1,1,65330.16,0
591,35,1,86651.43,1,1,1,120029.9,0
707,48,7,126856.11,2,0,0,119727.95,0
527,41,8,0.0,1,0,0,87682.63,0
639,26,9,0.0,1,1,0,54895.11,0
850,25,2,46288.51,1,0,0,48281.32,0
535,43,5,91019.52,1,1,1,151871.01,1
672,46,1,0.0,2,1,1,53839.11,0
762,50,1,123009.84,2,1,1,81170.82,0
627,41,3,126771.4,1,0,1,94301.6,0
753,42,7,102276.92,1,0,1,137131.27,0
695,41,10,157569.93,2,0,0,73970.34,1
591,35,9,76882.89,1,1,1,124649.73,0
574,26,1,89356.71,1,1,1,61774.45,0
669,46,10,86217.25,1,1,0,69738.46,0
477,33,7,131665.5,2,1,0,156529.61,0
526,49,4,0.0,1,0,1,146270.26,1
668,34,7,0.0,2,1,0,86996.66,0
532,27,9,130426.32,1,0,1,176317.29,1
625,42,10,0.0,2,1,0,55480.87,1
533,36,5,99583.95,2,1,0,103258.89,0
770,27,4,0.0,2,0,0,68380.8,1
736,20,5,0.0,2,1,1,25490.25,0
693,42,1,108799.15,1,1,1,36518.0,1
668,32,6,0.0,1,0,0,162150.07,0
598,41,1,103831.87,3,1,0,31771.63,1
538,40,10,125973.87,2,1,1,70219.36,0
850,44,10,0.0,2,1,1,172583.39,0
709,36,5,104229.74,1,0,0,86285.68,1
634,40,1,191219.25,2,1,1,121921.97,0
692,30,4,0.0,2,1,0,160259.38,0
742,52,0,0.0,3,0,1,156427.38,1
776,33,3,0.0,1,1,1,149218.73,0
812,50,3,96002.64,1,1,0,107654.13,1
721,40,10,106884.82,2,0,0,92104.92,0
570,45,8,0.0,1,1,0,59066.08,1
657,54,0,0.0,3,0,0,110954.25,1
698,31,0,75461.64,2,1,0,40872.6,1
642,48,6,0.0,1,0,1,59797.36,1
658,33,8,0.0,2,1,1,52711.53,0
352,42,1,139408.52,2,0,0,120075.92,1
811,36,6,0.0,2,1,0,174767.33,0
634,41,5,109537.97,2,0,0,163089.44,0
815,26,8,103161.83,2,0,1,40198.89,0
741,44,3,0.0,2,0,0,56998.77,0
689,29,1,125977.19,1,1,0,143816.64,1
846,42,9,51045.65,1,1,0,29473.13,1
583,39,4,0.0,1,1,0,34226.2,1
850,36,8,0.0,1,0,1,179926.23,0
659,47,6,124537.69,1,1,1,133409.09,1
471,50,9,119432.0,2,1,0,157658.51,1
581,54,0,140212.2,3,0,1,22482.07,1
661,18,2,0.0,2,0,1,118294.32,0
474,50,8,0.0,2,1,0,178904.53,0
636,40,5,137563.16,2,1,0,98124.54,1
605,38,0,0.0,2,0,1,59271.44,0
580,58,1,0.0,1,1,1,65047.12,1
596,54,5,103286.61,1,0,0,56566.58,1
573,55,1,141258.64,2,1,1,178827.07,0
669,34,6,10000.0,2,1,1,75394.74,0
677,48,4,0.0,1,0,0,91514.71,0
636,19,2,132385.69,2,1,0,142607.2,0
656,29,5,102258.73,4,1,1,54207.54,0
679,34,7,146484.99,1,0,0,22636.03,0
704,36,1,0.0,1,0,0,152978.13,0
671,28,3,0.0,1,0,1,152109.08,0
830,55,9,0.0,1,1,1,91466.9,0
815,38,3,0.0,2,1,0,113628.79,0
549,27,8,132071.28,1,1,1,135859.07,1
547,26,8,75981.77,2,1,1,102532.93,0
550,40,4,137147.58,2,0,0,154152.3,1
724,35,6,0.0,2,1,1,85917.86,0
592,43,9,96100.85,1,1,0,25776.2,0
764,33,5,0.0,1,1,0,79922.75,0
560,44,4,86922.3,1,1,0,173687.48,1
511,50,1,73460.44,1,0,1,139985.74,0
483,30,3,0.0,1,0,1,138095.34,0
489,46,6,146652.25,1,1,0,145132.25,1
609,41,0,0.0,3,1,1,176887.96,1
847,42,6,98848.27,1,1,0,98057.51,0
719,26,0,0.0,3,0,1,72661.32,0
662,49,8,162064.79,2,0,1,46973.96,0
581,50,2,115323.37,2,1,1,115596.18,1
617,22,6,0.0,2,1,0,108925.88,0
574,45,9,0.0,1,1,0,90601.01,0
611,75,3,0.0,2,1,1,49296.73,1
669,38,7,0.0,3,1,1,169528.09,1
712,50,8,0.0,2,1,1,125916.37,0
615,40,4,0.0,3,1,1,176953.54,0
