age,sex,chest_pain_type,resting_bp,cholesterol,fasting_bs,resting_ecg,max_hr,exercise_angina,oldpeak,st_slope,heart_disease
67,1,2,157,304,0,1,124,1,1.43,1,1
57,0,0,121,168,0,1,150,1,0.46,0,0
43,0,2,113,217,0,1,143,0,0.5,1,1
71,1,2,127,263,0,1,149,1,1.4,2,1
36,0,3,130,323,0,0,162,1,2.51,2,1
49,0,2,148,241,0,1,121,0,3.01,2,0
67,1,1,101,217,0,1,148,0,0.86,1,0
47,1,0,156,339,0,1,163,0,0.44,1,0
51,1,3,127,172,0,1,141,0,1.55,2,1
39,0,2,122,135,0,1,158,0,0.29,2,0
39,1,0,112,267,1,0,155,0,0.83,2,0
52,0,0,101,219,0,0,140,0,0.44,1,1
64,1,0,143,193,0,0,126,0,1.07,2,1
68,1,2,131,280,0,0,115,0,0.27,1,1
52,1,3,108,257,0,1,141,1,0.21,2,1
31,1,0,107,216,0,2,172,1,2.5,1,1
50,1,1,124,180,0,0,139,0,0.11,1,0
30,1,0,158,288,1,0,141,1,0.71,2,1
52,0,3,125,277,0,1,149,0,0.25,2,1
72,1,2,104,240,0,0,142,0,0.04,0,1
58,0,2,125,337,0,1,125,0,0.04,2,1
66,0,0,125,191,0,1,135,0,0.19,1,0
30,1,0,94,168,0,1,202,1,2.02,1,0
49,1,0,129,210,0,0,138,1,0.33,0,1
61,1,0,126,242,0,0,147,0,3.0,1,1
40,1,2,141,257,1,1,161,0,0.87,1,1
50,1,2,161,232,0,1,145,0,0.57,0,1
72,1,3,149,262,0,0,125,0,0.87,1,1
53,1,3,125,182,0,1,136,0,0.73,2,1
77,1,1,111,317,0,0,129,0,1.42,1,1
55,0,2,173,240,0,1,137,1,0.33,2,1
70,1,3,131,300,0,0,133,1,0.44,1,1
56,0,2,130,262,0,1,132,0,2.25,2,1
44,0,0,129,267,0,0,146,1,2.93,1,0
43,1,0,133,273,0,0,171,0,2.23,1,0
75,0,0,127,267,0,0,108,0,0.54,1,1
72,1,3,120,277,1,0,136,0,1.52,1,1
31,1,1,120,311,0,1,156,0,0.65,1,0
65,1,0,129,254,0,2,129,1,0.69,2,0
35,1,2,120,280,0,0,137,0,0.23,2,1
49,0,1,117,240,0,0,154,0,0.89,2,1
37,1,0,131,317,0,1,168,0,0.21,2,1
67,1,0,125,211,1,1,133,0,0.4,1,1
46,1,2,155,335,0,1,158,1,1.93,1,1
32,1,1,94,242,0,0,156,0,0.23,1,1
53,1,2,148,173,0,0,171,0,0.07,1,0
42,0,1,151,251,0,1,173,0,0.07,1,0
37,1,2,94,210,0,0,179,0,2.83,2,1
54,1,1,124,287,0,1,131,0,0.71,1,1
30,0,1,123,212,1,0,144,1,0.53,1,1
48,0,2,106,222,0,1,153,0,1.67,2,1
56,1,0,116,150,0,0,146,1,1.81,2,1
75,1,0,111,222,0,1,123,1,0.4,1,1
35,1,0,159,126,0,0,147,1,1.18,2,0
72,1,2,145,165,0,1,141,0,1.47,2,1
36,0,1,151,283,0,0,160,0,1.06,1,0
75,1,2,142,284,0,1,110,0,0.16,1,1
63,1,0,110,266,0,1,129,1,2.09,1,1
42,0,0,121,196,0,1,155,0,0.77,2,0
45,1,0,138,242,0,1,139,0,0.33,2,0
64,1,0,109,244,1,1,176,0,0.55,1,1
68,1,1,142,187,0,1,121,0,0.04,1,1
32,1,0,125,320,0,0,177,0,0.14,2,1
30,1,0,123,288,0,1,197,0,1.45,1,0
34,1,2,142,233,1,1,158,1,0.0,1,0
70,0,0,137,246,1,0,109,0,0.54,2,1
32,1,1,123,255,0,0,170,0,0.74,2,0
57,1,2,149,142,0,0,128,0,0.06,2,1
46,1,0,111,232,0,1,129,0,3.61,2,0
54,1,1,140,210,0,1,126,0,0.26,2,1
72,1,2,140,194,0,1,103,1,0.36,1,1
62,1,3,124,230,0,1,126,0,0.36,2,1
38,1,0,135,334,0,0,160,1,0.26,1,1
64,1,2,108,277,0,0,160,0,0.0,2,1
42,1,1,145,216,0,0,161,0,1.31,1,0
59,1,0,126,273,0,0,153,1,3.41,2,1
76,1,0,121,314,0,0,91,0,0.25,1,1
43,1,3,147,291,0,0,159,0,1.09,1,1
36,1,1,118,247,0,1,162,0,1.35,1,1
42,0,0,106,212,0,1,149,0,1.89,0,1
51,1,1,103,279,0,2,148,1,0.55,2,1
68,0,0,140,264,1,1,106,0,0.36,2,1
49,1,0,108,289,0,1,160,1,0.39,1,1
44,1,0,159,276,0,0,153,1,1.25,1,1
73,0,0,94,297,0,1,138,0,1.7,1,1
46,1,0,158,218,0,1,173,1,0.2,0,1
75,0,0,133,310,0,0,134,0,0.46,1,1
52,0,1,128,254,0,0,148,1,2.32,2,1
54,1,0,120,348,1,1,152,0,1.64,1,0
53,1,0,136,210,0,0,157,1,4.19,1,1
73,0,2,129,331,1,1,148,0,1.4,1,0
69,1,0,148,254,1,1,132,0,0.5,1,1
57,1,2,131,212,0,0,165,0,0.89,1,1
43,0,0,132,220,1,0,145,1,1.08,2,0
73,1,0,123,228,0,0,125,0,0.08,1,1
29,0,0,129,266,0,0,192,0,0.79,0,0
53,0,0,135,271,0,0,151,1,1.24,1,1
35,1,0,100,216,1,1,176,0,0.18,1,1
37,1,0,107,243,1,0,158,1,1.52,1,1
52,1,0,142,352,0,1,127,1,0.88,2,1
29,1,0,132,331,0,0,199,1,3.04,2,0
72,1,0,126,266,0,1,126,1,0.04,2,1
36,1,0,130,246,0,0,166,0,0.31,1,1
52,1,0,135,251,0,0,137,0,0.92,1,0
39,1,1,120,275,0,1,157,1,0.35,2,1
45,0,2,116,193,0,1,166,0,1.25,2,1
36,1,0,133,232,0,0,168,0,1.42,2,0
63,0,2,113,161,1,1,148,0,0.11,1,1
63,0,1,136,264,0,0,120,1,0.72,1,1
61,1,0,101,277,0,0,138,0,0.71,1,1
33,1,2,147,220,0,0,138,0,0.46,2,1
70,1,2,138,323,1,0,130,0,2.7,2,1
67,1,0,134,183,1,1,143,0,1.76,2,0
69,0,0,146,171,0,1,153,0,1.19,1,1
56,0,2,158,256,0,0,171,0,1.25,2,1
35,0,2,147,297,0,1,188,0,0.62,1,1
37,1,0,98,329,0,1,158,1,2.54,1,1
36,1,0,108,222,0,0,156,0,1.19,1,0
40,1,0,119,298,0,1,183,1,1.31,2,1
62,0,1,130,243,0,0,124,1,1.98,1,1
61,1,1,138,236,0,1,146,0,0.32,1,1
76,1,0,117,289,0,1,121,0,1.65,2,1
51,1,0,133,277,0,1,124,0,0.22,1,1
52,1,2,117,166,0,0,134,1,0.42,1,1
65,1,0,119,318,1,0,139,0,0.41,1,1
63,0,0,106,314,0,0,150,1,3.84,0,1
72,1,2,114,213,1,0,160,0,1.94,2,1
68,1,2,107,264,0,0,142,0,1.21,0,1
50,0,1,113,269,0,1,153,0,1.3,1,1
55,0,1,147,258,0,0,159,0,0.83,2,1
63,0,0,113,217,0,0,138,1,2.94,2,1
29,0,0,174,211,0,1,169,0,0.69,2,0
63,1,1,138,243,0,0,140,0,0.48,1,1
65,1,0,133,303,0,1,144,0,0.18,0,1
75,1,0,115,272,0,0,122,1,1.54,2,1
42,0,0,141,226,0,0,151,0,1.33,2,0
31,1,0,120,283,0,0,185,1,0.49,2,0
29,1,0,132,126,0,0,149,0,0.03,2,0
33,0,0,173,302,0,1,168,0,1.83,2,1
54,1,0,128,158,0,0,145,0,0.01,1,0
42,1,0,149,226,0,1,147,0,1.22,1,0
67,1,2,118,189,1,0,129,0,3.52,2,1
55,1,1,129,180,0,0,130,0,0.58,1,1
37,0,2,160,303,0,1,158,1,0.27,1,1
43,1,2,119,221,1,0,166,0,1.22,2,1
43,1,1,160,262,0,1,151,0,1.7,2,0
54,1,0,142,242,0,1,163,0,0.79,1,1
70,1,1,120,268,0,1,128,0,3.41,1,1
41,1,1,140,248,0,1,159,0,0.05,1,1
60,0,2,146,180,0,0,143,0,0.7,2,1
67,0,0,140,294,0,0,134,0,1.27,2,1
77,1,0,103,220,0,0,151,0,1.99,1,1
60,0,0,117,167,0,1,148,0,0.2,0,0
32,1,0,125,223,1,2,166,0,1.61,2,1
58,1,1,128,320,0,0,139,0,0.8,1,1
65,1,1,140,287,0,1,150,0,0.51,2,1
51,1,0,133,227,0,0,130,1,0.14,2,1
67,1,3,107,227,0,1,145,0,2.0,0,1
73,1,1,136,228,0,0,112,1,0.17,2,1
43,1,0,140,348,0,1,150,0,0.37,1,1
71,1,0,139,264,0,1,138,1,0.34,1,1
57,1,0,148,266,1,0,116,1,2.05,2,1
64,1,0,144,296,0,0,153,0,1.12,1,1
41,1,0,137,256,0,0,145,1,1.59,2,1
60,0,0,128,232,0,0,124,0,0.29,2,1
35,0,0,101,235,0,0,175,0,0.98,1,0
50,0,0,137,241,0,1,129,1,0.85,1,1
56,0,2,133,243,0,1,147,1,1.79,1,1
30,0,0,134,281,0,1,165,0,2.37,1,0
70,1,1,108,247,0,0,126,0,0.01,0,1
73,0,0,111,281,0,1,129,0,1.12,1,0
34,0,3,147,240,0,1,153,0,0.05,1,0
56,1,0,129,248,0,0,132,1,0.8,2,1
56,0,0,141,145,0,1,170,0,0.34,2,1
72,1,3,130,290,0,1,108,0,0.37,2,1
72,0,2,130,262,0,0,152,0,0.44,0,1
48,0,2,145,294,0,0,136,0,0.97,1,1
58,1,0,121,126,0,0,125,0,0.41,2,1
39,1,0,131,349,0,0,177,0,1.32,1,0
56,1,2,122,238,0,1,150,1,0.52,0,1
53,1,2,122,300,1,1,163,1,0.07,2,1
67,1,1,124,193,0,1,136,0,1.53,2,1
61,0,1,133,275,1,0,143,1,0.34,2,1
29,0,0,121,192,0,0,159,1,0.57,0,1
55,1,2,151,213,0,1,125,1,1.16,2,1
41,1,0,114,340,0,1,138,0,0.4,2,0
69,1,0,126,235,0,0,139,0,0.06,2,1
31,1,0,122,255,0,1,172,0,0.47,2,1
67,1,1,154,288,0,1,158,0,2.89,2,1
34,1,0,133,269,0,0,178,0,1.03,1,0
36,1,0,147,252,0,0,149,0,1.11,1,0
55,1,1,104,263,0,1,120,0,1.0,2,1
37,1,0,134,365,0,0,181,1,0.22,2,0
65,1,1,145,242,0,0,143,0,0.54,2,1
61,1,0,131,255,0,0,139,0,1.39,1,1
70,1,1,148,297,0,0,125,1,0.11,1,1
72,0,1,121,300,0,1,140,1,0.33,2,1
52,1,0,153,304,0,1,141,1,0.32,2,1
43,1,0,169,276,1,0,164,1,0.57,2,0
60,1,0,123,187,1,1,140,0,3.93,2,1
60,1,0,122,326,0,1,131,1,0.07,2,1
52,1,3,154,187,0,1,147,0,0.73,2,1
69,1,0,156,260,0,0,137,0,0.2,2,1
77,0,2,121,207,0,0,124,0,3.53,2,1
77,1,0,122,241,0,2,124,0,0.12,2,1
40,0,2,125,261,0,1,165,0,0.52,1,1
67,0,2,107,261,0,0,136,0,1.34,1,1
30,1,1,114,266,1,0,146,1,1.22,2,1
31,1,0,112,325,0,0,160,0,0.55,1,0
77,1,0,116,267,0,1,127,0,0.43,1,1
65,1,0,129,232,0,1,124,1,0.51,1,1
77,1,2,133,293,1,1,128,0,0.31,1,0
45,0,2,156,304,0,0,137,0,0.23,1,1
77,1,3,113,183,0,1,117,1,0.66,1,1
30,1,0,146,274,0,1,171,0,0.31,2,0
30,1,2,126,280,0,0,163,0,0.34,1,1
56,1,3,129,230,0,1,167,1,1.07,1,1
51,1,0,141,313,0,1,165,0,3.46,1,1
65,0,0,110,237,0,0,152,0,0.93,2,1
60,1,2,136,251,0,1,137,1,0.08,1,1
61,0,1,132,236,0,0,113,1,0.08,2,1
29,1,2,138,245,0,1,137,0,3.02,2,1
47,1,0,134,190,0,1,143,0,0.35,2,0
30,1,2,171,172,0,1,162,0,0.1,1,1
72,1,0,119,324,0,1,155,0,0.91,2,1
54,0,0,120,202,0,0,154,0,0.98,1,1
60,0,0,119,195,1,1,151,0,1.05,2,0
34,1,2,120,137,0,1,175,1,0.31,2,1
60,1,2,119,213,0,0,142,0,0.02,1,1
32,0,1,150,178,0,1,175,0,3.35,1,1
39,0,0,154,327,0,1,190,0,0.29,1,1
45,1,2,120,295,0,0,143,1,1.13,2,1
66,0,0,115,210,0,1,150,0,1.23,1,1
52,1,2,138,357,0,1,144,0,0.94,2,1
33,1,0,120,294,0,0,135,1,0.38,1,0
62,0,0,140,228,0,2,151,0,0.32,2,1
34,0,0,133,126,0,0,202,0,0.91,2,0
50,1,0,104,359,0,0,154,0,2.01,2,1
39,1,2,156,175,0,0,144,0,2.93,2,1
76,1,1,160,162,0,1,94,0,0.11,1,1
44,1,0,119,296,0,1,174,0,0.17,1,0
61,1,2,123,366,1,0,131,0,2.9,2,1
37,1,0,134,314,0,0,169,0,1.33,1,0
34,1,1,135,273,0,1,167,1,2.15,1,1
44,1,2,141,274,0,0,116,1,0.23,0,1
57,0,1,164,287,0,1,165,1,0.89,1,1
31,1,0,126,282,0,1,165,1,1.21,0,0
48,1,3,116,259,0,1,144,0,1.14,2,1
64,1,1,106,250,0,1,119,1,0.52,1,0
47,1,0,117,241,0,0,151,0,0.02,2,1
54,0,0,129,207,0,2,141,1,0.87,0,1
31,1,2,160,230,0,1,174,1,0.29,2,1
47,0,1,121,160,0,1,148,1,0.6,1,0
48,1,1,133,240,1,0,157,1,3.16,2,1
60,0,2,129,195,0,1,130,0,0.51,2,1
35,0,2,150,189,0,0,170,0,1.83,1,1
69,0,0,172,253,1,0,125,0,0.21,2,1
61,1,0,120,314,0,0,139,0,1.12,2,1
68,1,0,121,290,0,1,115,0,3.77,2,0
67,1,2,147,166,0,1,133,0,0.11,2,1
46,1,0,141,195,0,1,180,1,0.01,1,0
68,1,1,161,292,0,1,113,0,0.57,2,1
29,0,2,139,195,0,0,184,1,0.1,0,0
39,1,2,123,233,0,1,170,1,1.38,1,1
56,0,0,140,272,1,0,152,1,2.46,2,1
53,1,2,148,196,0,1,126,1,0.57,1,1
51,0,0,143,250,0,1,181,0,0.3,2,0
59,1,2,138,178,0,1,93,1,0.57,2,1
58,0,0,148,214,0,1,126,1,1.29,2,1
70,1,0,149,260,0,0,126,0,0.01,2,1
63,1,2,153,165,1,0,137,0,0.89,1,1
35,1,0,141,267,0,1,160,1,0.95,0,0
44,0,0,127,244,0,0,148,0,1.02,1,1
54,1,2,132,272,0,0,136,0,0.28,1,1
76,1,2,150,256,1,1,115,0,1.25,0,1
77,1,1,116,313,0,1,121,0,0.1,1,1
30,1,2,136,251,0,0,172,0,0.22,2,0
29,1,1,123,223,0,0,173,1,2.1,2,1
76,1,0,130,251,1,1,126,0,1.34,1,1
40,1,0,151,272,0,1,142,0,0.01,2,1
33,1,0,133,247,1,0,158,0,0.29,1,0
65,1,2,130,247,0,0,179,0,0.24,0,1
60,0,1,106,209,0,0,130,1,0.32,2,1
37,0,0,142,211,0,0,160,0,0.28,2,0
69,1,0,140,174,0,0,131,0,0.06,2,0
63,1,3,166,332,0,1,142,0,0.61,0,1
47,1,0,124,182,0,1,136,0,1.32,2,1
76,1,1,133,210,0,1,109,1,0.93,2,1
44,0,1,134,209,0,0,167,1,1.12,2,1
31,0,1,156,289,0,1,162,0,0.08,2,1
48,1,0,128,230,1,0,166,0,3.03,2,1
52,1,2,134,307,1,1,168,0,1.82,2,1
61,1,3,140,211,0,1,148,0,1.64,2,1
52,0,1,133,258,0,0,135,0,1.73,2,0
39,1,2,122,203,0,1,146,0,2.7,2,1
77,1,2,133,352,0,0,115,0,0.79,1,1
36,1,2,148,185,0,1,153,0,0.22,2,1
64,1,0,112,260,0,0,128,1,0.96,1,1
66,0,1,132,276,0,0,143,1,1.36,1,1
68,1,1,118,265,0,1,125,0,1.34,2,1
